[SCONE|INFO] tools/libsgx/src/layout.c:990:scone_enclave_create_layout(): System Enclave Page Cache (EPC) size:	378 MiB
[SCONE|INFO] tools/libsgx/src/layout.c:992:scone_enclave_create_layout(): Enclave size:				2067 MiB (code, data, stack, heap, ...)
[SCONE|INFO] tools/libsgx/src/layout.c:994:scone_enclave_create_layout(): Enclave region size:			4096 MiB (SGX enforces power of two)
[SCONE|WARN] src/enclave/dispatch.c:148:print_runtime_info(): Application runs in SGX debug mode. Its memory can be read from outside the enclave with a debugger! This is not secure!
[SCONE|WARN] src/syscall/syscall.c:32:__scone_ni_syscall(): system call: rseq, number 334 is not supported
[SCONE|WARN] src/shielding/shielded_syscall.c:1591:shielded_syscall_emulate_memory_mapping(): Emulating file memory mapping for /usr/lib/locale/C.utf8/LC_CTYPE
[SCONE|WARN] src/shielding/shielded_syscall.c:1591:shielded_syscall_emulate_memory_mapping(): Emulating file memory mapping for /usr/local/lib/python3.11/lib-dynload/_json.cpython-311-x86_64-linux-gnu.so
[SCONE|WARN] src/shielding/shielded_syscall.c:1591:shielded_syscall_emulate_memory_mapping(): Emulating file memory mapping for /usr/local/lib/python3.11/lib-dynload/_json.cpython-311-x86_64-linux-gnu.so
[SCONE|WARN] src/shielding/shielded_syscall.c:1591:shielded_syscall_emulate_memory_mapping(): Emulating file memory mapping for /usr/local/lib/python3.11/lib-dynload/_json.cpython-311-x86_64-linux-gnu.so
[SCONE|WARN] src/shielding/shielded_syscall.c:1591:shielded_syscall_emulate_memory_mapping(): Emulating file memory mapping for /usr/local/lib/python3.11/lib-dynload/_json.cpython-311-x86_64-linux-gnu.so
[SCONE|WARN] src/shielding/shielded_syscall.c:1591:shielded_syscall_emulate_memory_mapping(): Emulating file memory mapping for /usr/local/lib/python3.11/lib-dynload/resource.cpython-311-x86_64-linux-gnu.so
[SCONE|WARN] src/shielding/shielded_syscall.c:1591:shielded_syscall_emulate_memory_mapping(): Emulating file memory mapping for /usr/local/lib/python3.11/lib-dynload/resource.cpython-311-x86_64-linux-gnu.so
[SCONE|WARN] src/shielding/shielded_syscall.c:1591:shielded_syscall_emulate_memory_mapping(): Emulating file memory mapping for /usr/local/lib/python3.11/lib-dynload/resource.cpython-311-x86_64-linux-gnu.so
[SCONE|WARN] src/shielding/shielded_syscall.c:1591:shielded_syscall_emulate_memory_mapping(): Emulating file memory mapping for /usr/local/lib/python3.11/lib-dynload/resource.cpython-311-x86_64-linux-gnu.so
[SCONE|WARN] src/shielding/shielded_syscall.c:1591:shielded_syscall_emulate_memory_mapping(): Emulating file memory mapping for /usr/local/lib/python3.11/site-packages/numpy/core/_multiarray_umath.cpython-311-x86_64-linux-gnu.so
[SCONE|WARN] src/shielding/shielded_syscall.c:1591:shielded_syscall_emulate_memory_mapping(): Emulating file memory mapping for /usr/local/lib/python3.11/site-packages/numpy/core/_multiarray_umath.cpython-311-x86_64-linux-gnu.so
[SCONE|WARN] src/shielding/shielded_syscall.c:1591:shielded_syscall_emulate_memory_mapping(): Emulating file memory mapping for /usr/local/lib/python3.11/site-packages/numpy/core/_multiarray_umath.cpython-311-x86_64-linux-gnu.so
[SCONE|WARN] src/shielding/shielded_syscall.c:1591:shielded_syscall_emulate_memory_mapping(): Emulating file memory mapping for /usr/local/lib/python3.11/site-packages/numpy/core/_multiarray_umath.cpython-311-x86_64-linux-gnu.so
[SCONE|WARN] src/shielding/shielded_syscall.c:1591:shielded_syscall_emulate_memory_mapping(): Emulating file memory mapping for /usr/local/lib/python3.11/site-packages/numpy/core/_multiarray_umath.cpython-311-x86_64-linux-gnu.so
[SCONE|WARN] src/shielding/shielded_syscall.c:1591:shielded_syscall_emulate_memory_mapping(): Emulating file memory mapping for /usr/local/lib/python3.11/site-packages/numpy/core/_multiarray_umath.cpython-311-x86_64-linux-gnu.so
[SCONE|WARN] src/shielding/shielded_syscall.c:1591:shielded_syscall_emulate_memory_mapping(): Emulating file memory mapping for /usr/local/lib/python3.11/site-packages/numpy.libs/libopenblas64_p-r0-0cf96a72.3.23.dev.so
[SCONE|WARN] src/shielding/shielded_syscall.c:1591:shielded_syscall_emulate_memory_mapping(): Emulating file memory mapping for /usr/local/lib/python3.11/site-packages/numpy.libs/libopenblas64_p-r0-0cf96a72.3.23.dev.so
[SCONE|WARN] src/shielding/shielded_syscall.c:1591:shielded_syscall_emulate_memory_mapping(): Emulating file memory mapping for /usr/local/lib/python3.11/site-packages/numpy.libs/libopenblas64_p-r0-0cf96a72.3.23.dev.so
[SCONE|WARN] src/shielding/shielded_syscall.c:1591:shielded_syscall_emulate_memory_mapping(): Emulating file memory mapping for /usr/local/lib/python3.11/site-packages/numpy.libs/libopenblas64_p-r0-0cf96a72.3.23.dev.so
[SCONE|WARN] src/shielding/shielded_syscall.c:1591:shielded_syscall_emulate_memory_mapping(): Emulating file memory mapping for /usr/local/lib/python3.11/site-packages/numpy.libs/libopenblas64_p-r0-0cf96a72.3.23.dev.so
[SCONE|WARN] src/shielding/shielded_syscall.c:1591:shielded_syscall_emulate_memory_mapping(): Emulating file memory mapping for /usr/local/lib/python3.11/site-packages/numpy.libs/libopenblas64_p-r0-0cf96a72.3.23.dev.so
[SCONE|WARN] src/shielding/shielded_syscall.c:1591:shielded_syscall_emulate_memory_mapping(): Emulating file memory mapping for /usr/local/lib/python3.11/site-packages/numpy.libs/libopenblas64_p-r0-0cf96a72.3.23.dev.so
[SCONE|WARN] src/shielding/shielded_syscall.c:1591:shielded_syscall_emulate_memory_mapping(): Emulating file memory mapping for /usr/lib/x86_64-linux-gnu/libgcc_s.so.1
[SCONE|WARN] src/shielding/shielded_syscall.c:1591:shielded_syscall_emulate_memory_mapping(): Emulating file memory mapping for /usr/lib/x86_64-linux-gnu/libgcc_s.so.1
[SCONE|WARN] src/shielding/shielded_syscall.c:1591:shielded_syscall_emulate_memory_mapping(): Emulating file memory mapping for /usr/lib/x86_64-linux-gnu/libgcc_s.so.1
[SCONE|WARN] src/shielding/shielded_syscall.c:1591:shielded_syscall_emulate_memory_mapping(): Emulating file memory mapping for /usr/lib/x86_64-linux-gnu/libgcc_s.so.1
[SCONE|WARN] src/shielding/shielded_syscall.c:1591:shielded_syscall_emulate_memory_mapping(): Emulating file memory mapping for /usr/lib/x86_64-linux-gnu/libpthread.so.0
[SCONE|WARN] src/shielding/shielded_syscall.c:1591:shielded_syscall_emulate_memory_mapping(): Emulating file memory mapping for /usr/lib/x86_64-linux-gnu/libpthread.so.0
[SCONE|WARN] src/shielding/shielded_syscall.c:1591:shielded_syscall_emulate_memory_mapping(): Emulating file memory mapping for /usr/lib/x86_64-linux-gnu/libpthread.so.0
[SCONE|WARN] src/shielding/shielded_syscall.c:1591:shielded_syscall_emulate_memory_mapping(): Emulating file memory mapping for /usr/lib/x86_64-linux-gnu/libpthread.so.0
[SCONE|WARN] src/shielding/shielded_syscall.c:1591:shielded_syscall_emulate_memory_mapping(): Emulating file memory mapping for /usr/local/lib/python3.11/site-packages/numpy.libs/libgfortran-040039e1.so.5.0.0
[SCONE|WARN] src/shielding/shielded_syscall.c:1591:shielded_syscall_emulate_memory_mapping(): Emulating file memory mapping for /usr/local/lib/python3.11/site-packages/numpy.libs/libgfortran-040039e1.so.5.0.0
[SCONE|WARN] src/shielding/shielded_syscall.c:1591:shielded_syscall_emulate_memory_mapping(): Emulating file memory mapping for /usr/local/lib/python3.11/site-packages/numpy.libs/libgfortran-040039e1.so.5.0.0
[SCONE|WARN] src/shielding/shielded_syscall.c:1591:shielded_syscall_emulate_memory_mapping(): Emulating file memory mapping for /usr/local/lib/python3.11/site-packages/numpy.libs/libgfortran-040039e1.so.5.0.0
[SCONE|WARN] src/shielding/shielded_syscall.c:1591:shielded_syscall_emulate_memory_mapping(): Emulating file memory mapping for /usr/local/lib/python3.11/site-packages/numpy.libs/libquadmath-96973f99.so.0.0.0
[SCONE|WARN] src/shielding/shielded_syscall.c:1591:shielded_syscall_emulate_memory_mapping(): Emulating file memory mapping for /usr/local/lib/python3.11/site-packages/numpy.libs/libquadmath-96973f99.so.0.0.0
[SCONE|WARN] src/shielding/shielded_syscall.c:1591:shielded_syscall_emulate_memory_mapping(): Emulating file memory mapping for /usr/local/lib/python3.11/site-packages/numpy.libs/libquadmath-96973f99.so.0.0.0
[SCONE|WARN] src/shielding/shielded_syscall.c:1591:shielded_syscall_emulate_memory_mapping(): Emulating file memory mapping for /usr/lib/x86_64-linux-gnu/libz.so.1.2.13
[SCONE|WARN] src/shielding/shielded_syscall.c:1591:shielded_syscall_emulate_memory_mapping(): Emulating file memory mapping for /usr/lib/x86_64-linux-gnu/libz.so.1.2.13
[SCONE|WARN] src/shielding/shielded_syscall.c:1591:shielded_syscall_emulate_memory_mapping(): Emulating file memory mapping for /usr/lib/x86_64-linux-gnu/libz.so.1.2.13
[SCONE|WARN] src/shielding/shielded_syscall.c:1591:shielded_syscall_emulate_memory_mapping(): Emulating file memory mapping for /usr/lib/x86_64-linux-gnu/libz.so.1.2.13
[SCONE|WARN] src/syscall/syscall.c:32:__scone_ni_syscall(): system call: clone3, number 435 is not supported
[SCONE|WARN] src/syscall/syscall.c:32:__scone_ni_syscall(): system call: mbind, number 237 is not supported
[SCONE|WARN] src/syscall/syscall.c:32:__scone_ni_syscall(): system call: mbind, number 237 is not supported
[SCONE|WARN] src/syscall/syscall.c:32:__scone_ni_syscall(): system call: mbind, number 237 is not supported
[SCONE|WARN] src/shielding/shielded_syscall.c:1591:shielded_syscall_emulate_memory_mapping(): Emulating file memory mapping for /usr/local/lib/python3.11/lib-dynload/math.cpython-311-x86_64-linux-gnu.so
[SCONE|WARN] src/shielding/shielded_syscall.c:1591:shielded_syscall_emulate_memory_mapping(): Emulating file memory mapping for /usr/local/lib/python3.11/lib-dynload/math.cpython-311-x86_64-linux-gnu.so
[SCONE|WARN] src/shielding/shielded_syscall.c:1591:shielded_syscall_emulate_memory_mapping(): Emulating file memory mapping for /usr/local/lib/python3.11/lib-dynload/math.cpython-311-x86_64-linux-gnu.so
[SCONE|WARN] src/shielding/shielded_syscall.c:1591:shielded_syscall_emulate_memory_mapping(): Emulating file memory mapping for /usr/local/lib/python3.11/lib-dynload/math.cpython-311-x86_64-linux-gnu.so
[SCONE|WARN] src/shielding/shielded_syscall.c:1591:shielded_syscall_emulate_memory_mapping(): Emulating file memory mapping for /usr/local/lib/python3.11/lib-dynload/_datetime.cpython-311-x86_64-linux-gnu.so
[SCONE|WARN] src/shielding/shielded_syscall.c:1591:shielded_syscall_emulate_memory_mapping(): Emulating file memory mapping for /usr/local/lib/python3.11/lib-dynload/_datetime.cpython-311-x86_64-linux-gnu.so
[SCONE|WARN] src/shielding/shielded_syscall.c:1591:shielded_syscall_emulate_memory_mapping(): Emulating file memory mapping for /usr/local/lib/python3.11/lib-dynload/_datetime.cpython-311-x86_64-linux-gnu.so
[SCONE|WARN] src/shielding/shielded_syscall.c:1591:shielded_syscall_emulate_memory_mapping(): Emulating file memory mapping for /usr/local/lib/python3.11/lib-dynload/_datetime.cpython-311-x86_64-linux-gnu.so
[SCONE|WARN] src/shielding/shielded_syscall.c:1591:shielded_syscall_emulate_memory_mapping(): Emulating file memory mapping for /usr/local/lib/python3.11/lib-dynload/_struct.cpython-311-x86_64-linux-gnu.so
[SCONE|WARN] src/shielding/shielded_syscall.c:1591:shielded_syscall_emulate_memory_mapping(): Emulating file memory mapping for /usr/local/lib/python3.11/lib-dynload/_struct.cpython-311-x86_64-linux-gnu.so
[SCONE|WARN] src/shielding/shielded_syscall.c:1591:shielded_syscall_emulate_memory_mapping(): Emulating file memory mapping for /usr/local/lib/python3.11/lib-dynload/_struct.cpython-311-x86_64-linux-gnu.so
[SCONE|WARN] src/shielding/shielded_syscall.c:1591:shielded_syscall_emulate_memory_mapping(): Emulating file memory mapping for /usr/local/lib/python3.11/lib-dynload/_struct.cpython-311-x86_64-linux-gnu.so
[SCONE|WARN] src/shielding/shielded_syscall.c:1591:shielded_syscall_emulate_memory_mapping(): Emulating file memory mapping for /usr/local/lib/python3.11/lib-dynload/_pickle.cpython-311-x86_64-linux-gnu.so
[SCONE|WARN] src/shielding/shielded_syscall.c:1591:shielded_syscall_emulate_memory_mapping(): Emulating file memory mapping for /usr/local/lib/python3.11/lib-dynload/_pickle.cpython-311-x86_64-linux-gnu.so
[SCONE|WARN] src/shielding/shielded_syscall.c:1591:shielded_syscall_emulate_memory_mapping(): Emulating file memory mapping for /usr/local/lib/python3.11/lib-dynload/_pickle.cpython-311-x86_64-linux-gnu.so
[SCONE|WARN] src/shielding/shielded_syscall.c:1591:shielded_syscall_emulate_memory_mapping(): Emulating file memory mapping for /usr/local/lib/python3.11/lib-dynload/_pickle.cpython-311-x86_64-linux-gnu.so
[SCONE|WARN] src/shielding/shielded_syscall.c:1591:shielded_syscall_emulate_memory_mapping(): Emulating file memory mapping for /usr/local/lib/python3.11/lib-dynload/_contextvars.cpython-311-x86_64-linux-gnu.so
[SCONE|WARN] src/shielding/shielded_syscall.c:1591:shielded_syscall_emulate_memory_mapping(): Emulating file memory mapping for /usr/local/lib/python3.11/lib-dynload/_contextvars.cpython-311-x86_64-linux-gnu.so
[SCONE|WARN] src/shielding/shielded_syscall.c:1591:shielded_syscall_emulate_memory_mapping(): Emulating file memory mapping for /usr/local/lib/python3.11/lib-dynload/_contextvars.cpython-311-x86_64-linux-gnu.so
[SCONE|WARN] src/shielding/shielded_syscall.c:1591:shielded_syscall_emulate_memory_mapping(): Emulating file memory mapping for /usr/local/lib/python3.11/lib-dynload/_contextvars.cpython-311-x86_64-linux-gnu.so
[SCONE|WARN] src/shielding/shielded_syscall.c:1591:shielded_syscall_emulate_memory_mapping(): Emulating file memory mapping for /usr/local/lib/python3.11/site-packages/numpy/core/_multiarray_tests.cpython-311-x86_64-linux-gnu.so
[SCONE|WARN] src/shielding/shielded_syscall.c:1591:shielded_syscall_emulate_memory_mapping(): Emulating file memory mapping for /usr/local/lib/python3.11/site-packages/numpy/core/_multiarray_tests.cpython-311-x86_64-linux-gnu.so
[SCONE|WARN] src/shielding/shielded_syscall.c:1591:shielded_syscall_emulate_memory_mapping(): Emulating file memory mapping for /usr/local/lib/python3.11/site-packages/numpy/core/_multiarray_tests.cpython-311-x86_64-linux-gnu.so
[SCONE|WARN] src/shielding/shielded_syscall.c:1591:shielded_syscall_emulate_memory_mapping(): Emulating file memory mapping for /usr/local/lib/python3.11/site-packages/numpy/core/_multiarray_tests.cpython-311-x86_64-linux-gnu.so
[SCONE|WARN] src/shielding/shielded_syscall.c:1591:shielded_syscall_emulate_memory_mapping(): Emulating file memory mapping for /usr/local/lib/python3.11/lib-dynload/_ctypes.cpython-311-x86_64-linux-gnu.so
[SCONE|WARN] src/shielding/shielded_syscall.c:1591:shielded_syscall_emulate_memory_mapping(): Emulating file memory mapping for /usr/local/lib/python3.11/lib-dynload/_ctypes.cpython-311-x86_64-linux-gnu.so
[SCONE|WARN] src/shielding/shielded_syscall.c:1591:shielded_syscall_emulate_memory_mapping(): Emulating file memory mapping for /usr/local/lib/python3.11/lib-dynload/_ctypes.cpython-311-x86_64-linux-gnu.so
[SCONE|WARN] src/shielding/shielded_syscall.c:1591:shielded_syscall_emulate_memory_mapping(): Emulating file memory mapping for /usr/local/lib/python3.11/lib-dynload/_ctypes.cpython-311-x86_64-linux-gnu.so
[SCONE|WARN] src/shielding/shielded_syscall.c:1591:shielded_syscall_emulate_memory_mapping(): Emulating file memory mapping for /usr/lib/x86_64-linux-gnu/libffi.so.8.1.2
[SCONE|WARN] src/shielding/shielded_syscall.c:1591:shielded_syscall_emulate_memory_mapping(): Emulating file memory mapping for /usr/lib/x86_64-linux-gnu/libffi.so.8.1.2
[SCONE|WARN] src/shielding/shielded_syscall.c:1591:shielded_syscall_emulate_memory_mapping(): Emulating file memory mapping for /usr/lib/x86_64-linux-gnu/libffi.so.8.1.2
[SCONE|WARN] src/shielding/shielded_syscall.c:1591:shielded_syscall_emulate_memory_mapping(): Emulating file memory mapping for /usr/lib/x86_64-linux-gnu/libffi.so.8.1.2
[SCONE|WARN] src/shielding/shielded_syscall.c:1591:shielded_syscall_emulate_memory_mapping(): Emulating file memory mapping for /usr/local/lib/python3.11/lib-dynload/_typing.cpython-311-x86_64-linux-gnu.so
[SCONE|WARN] src/shielding/shielded_syscall.c:1591:shielded_syscall_emulate_memory_mapping(): Emulating file memory mapping for /usr/local/lib/python3.11/lib-dynload/_typing.cpython-311-x86_64-linux-gnu.so
[SCONE|WARN] src/shielding/shielded_syscall.c:1591:shielded_syscall_emulate_memory_mapping(): Emulating file memory mapping for /usr/local/lib/python3.11/lib-dynload/_typing.cpython-311-x86_64-linux-gnu.so
[SCONE|WARN] src/shielding/shielded_syscall.c:1591:shielded_syscall_emulate_memory_mapping(): Emulating file memory mapping for /usr/local/lib/python3.11/lib-dynload/_typing.cpython-311-x86_64-linux-gnu.so
[SCONE|WARN] src/shielding/shielded_syscall.c:1591:shielded_syscall_emulate_memory_mapping(): Emulating file memory mapping for /usr/local/lib/python3.11/site-packages/numpy/linalg/_umath_linalg.cpython-311-x86_64-linux-gnu.so
[SCONE|WARN] src/shielding/shielded_syscall.c:1591:shielded_syscall_emulate_memory_mapping(): Emulating file memory mapping for /usr/local/lib/python3.11/site-packages/numpy/linalg/_umath_linalg.cpython-311-x86_64-linux-gnu.so
[SCONE|WARN] src/shielding/shielded_syscall.c:1591:shielded_syscall_emulate_memory_mapping(): Emulating file memory mapping for /usr/local/lib/python3.11/site-packages/numpy/linalg/_umath_linalg.cpython-311-x86_64-linux-gnu.so
[SCONE|WARN] src/shielding/shielded_syscall.c:1591:shielded_syscall_emulate_memory_mapping(): Emulating file memory mapping for /usr/local/lib/python3.11/site-packages/numpy/linalg/_umath_linalg.cpython-311-x86_64-linux-gnu.so
[SCONE|WARN] src/shielding/shielded_syscall.c:1591:shielded_syscall_emulate_memory_mapping(): Emulating file memory mapping for /usr/local/lib/python3.11/site-packages/numpy/linalg/_umath_linalg.cpython-311-x86_64-linux-gnu.so
[SCONE|WARN] src/shielding/shielded_syscall.c:1591:shielded_syscall_emulate_memory_mapping(): Emulating file memory mapping for /usr/local/lib/python3.11/site-packages/numpy/linalg/_umath_linalg.cpython-311-x86_64-linux-gnu.so
[SCONE|WARN] src/shielding/shielded_syscall.c:1591:shielded_syscall_emulate_memory_mapping(): Emulating file memory mapping for /usr/local/lib/python3.11/site-packages/numpy/fft/_pocketfft_internal.cpython-311-x86_64-linux-gnu.so
[SCONE|WARN] src/shielding/shielded_syscall.c:1591:shielded_syscall_emulate_memory_mapping(): Emulating file memory mapping for /usr/local/lib/python3.11/site-packages/numpy/fft/_pocketfft_internal.cpython-311-x86_64-linux-gnu.so
[SCONE|WARN] src/shielding/shielded_syscall.c:1591:shielded_syscall_emulate_memory_mapping(): Emulating file memory mapping for /usr/local/lib/python3.11/site-packages/numpy/fft/_pocketfft_internal.cpython-311-x86_64-linux-gnu.so
[SCONE|WARN] src/shielding/shielded_syscall.c:1591:shielded_syscall_emulate_memory_mapping(): Emulating file memory mapping for /usr/local/lib/python3.11/site-packages/numpy/fft/_pocketfft_internal.cpython-311-x86_64-linux-gnu.so
[SCONE|WARN] src/shielding/shielded_syscall.c:1591:shielded_syscall_emulate_memory_mapping(): Emulating file memory mapping for /usr/local/lib/python3.11/site-packages/numpy/random/mtrand.cpython-311-x86_64-linux-gnu.so
[SCONE|WARN] src/shielding/shielded_syscall.c:1591:shielded_syscall_emulate_memory_mapping(): Emulating file memory mapping for /usr/local/lib/python3.11/site-packages/numpy/random/mtrand.cpython-311-x86_64-linux-gnu.so
[SCONE|WARN] src/shielding/shielded_syscall.c:1591:shielded_syscall_emulate_memory_mapping(): Emulating file memory mapping for /usr/local/lib/python3.11/site-packages/numpy/random/mtrand.cpython-311-x86_64-linux-gnu.so
[SCONE|WARN] src/shielding/shielded_syscall.c:1591:shielded_syscall_emulate_memory_mapping(): Emulating file memory mapping for /usr/local/lib/python3.11/site-packages/numpy/random/mtrand.cpython-311-x86_64-linux-gnu.so
[SCONE|WARN] src/shielding/shielded_syscall.c:1591:shielded_syscall_emulate_memory_mapping(): Emulating file memory mapping for /usr/local/lib/python3.11/site-packages/numpy/random/bit_generator.cpython-311-x86_64-linux-gnu.so
[SCONE|WARN] src/shielding/shielded_syscall.c:1591:shielded_syscall_emulate_memory_mapping(): Emulating file memory mapping for /usr/local/lib/python3.11/site-packages/numpy/random/bit_generator.cpython-311-x86_64-linux-gnu.so
[SCONE|WARN] src/shielding/shielded_syscall.c:1591:shielded_syscall_emulate_memory_mapping(): Emulating file memory mapping for /usr/local/lib/python3.11/site-packages/numpy/random/bit_generator.cpython-311-x86_64-linux-gnu.so
[SCONE|WARN] src/shielding/shielded_syscall.c:1591:shielded_syscall_emulate_memory_mapping(): Emulating file memory mapping for /usr/local/lib/python3.11/site-packages/numpy/random/bit_generator.cpython-311-x86_64-linux-gnu.so
[SCONE|WARN] src/shielding/shielded_syscall.c:1591:shielded_syscall_emulate_memory_mapping(): Emulating file memory mapping for /usr/local/lib/python3.11/site-packages/numpy/random/_common.cpython-311-x86_64-linux-gnu.so
[SCONE|WARN] src/shielding/shielded_syscall.c:1591:shielded_syscall_emulate_memory_mapping(): Emulating file memory mapping for /usr/local/lib/python3.11/site-packages/numpy/random/_common.cpython-311-x86_64-linux-gnu.so
[SCONE|WARN] src/shielding/shielded_syscall.c:1591:shielded_syscall_emulate_memory_mapping(): Emulating file memory mapping for /usr/local/lib/python3.11/site-packages/numpy/random/_common.cpython-311-x86_64-linux-gnu.so
[SCONE|WARN] src/shielding/shielded_syscall.c:1591:shielded_syscall_emulate_memory_mapping(): Emulating file memory mapping for /usr/local/lib/python3.11/site-packages/numpy/random/_common.cpython-311-x86_64-linux-gnu.so
[SCONE|WARN] src/shielding/shielded_syscall.c:1591:shielded_syscall_emulate_memory_mapping(): Emulating file memory mapping for /usr/local/lib/python3.11/lib-dynload/binascii.cpython-311-x86_64-linux-gnu.so
[SCONE|WARN] src/shielding/shielded_syscall.c:1591:shielded_syscall_emulate_memory_mapping(): Emulating file memory mapping for /usr/local/lib/python3.11/lib-dynload/binascii.cpython-311-x86_64-linux-gnu.so
[SCONE|WARN] src/shielding/shielded_syscall.c:1591:shielded_syscall_emulate_memory_mapping(): Emulating file memory mapping for /usr/local/lib/python3.11/lib-dynload/binascii.cpython-311-x86_64-linux-gnu.so
[SCONE|WARN] src/shielding/shielded_syscall.c:1591:shielded_syscall_emulate_memory_mapping(): Emulating file memory mapping for /usr/local/lib/python3.11/lib-dynload/binascii.cpython-311-x86_64-linux-gnu.so
[SCONE|WARN] src/shielding/shielded_syscall.c:1591:shielded_syscall_emulate_memory_mapping(): Emulating file memory mapping for /usr/local/lib/python3.11/lib-dynload/_hashlib.cpython-311-x86_64-linux-gnu.so
[SCONE|WARN] src/shielding/shielded_syscall.c:1591:shielded_syscall_emulate_memory_mapping(): Emulating file memory mapping for /usr/local/lib/python3.11/lib-dynload/_hashlib.cpython-311-x86_64-linux-gnu.so
[SCONE|WARN] src/shielding/shielded_syscall.c:1591:shielded_syscall_emulate_memory_mapping(): Emulating file memory mapping for /usr/local/lib/python3.11/lib-dynload/_hashlib.cpython-311-x86_64-linux-gnu.so
[SCONE|WARN] src/shielding/shielded_syscall.c:1591:shielded_syscall_emulate_memory_mapping(): Emulating file memory mapping for /usr/local/lib/python3.11/lib-dynload/_hashlib.cpython-311-x86_64-linux-gnu.so
[SCONE|WARN] src/shielding/shielded_syscall.c:1591:shielded_syscall_emulate_memory_mapping(): Emulating file memory mapping for /usr/lib/x86_64-linux-gnu/libcrypto.so.3
[SCONE|WARN] src/shielding/shielded_syscall.c:1591:shielded_syscall_emulate_memory_mapping(): Emulating file memory mapping for /usr/lib/x86_64-linux-gnu/libcrypto.so.3
[SCONE|WARN] src/shielding/shielded_syscall.c:1591:shielded_syscall_emulate_memory_mapping(): Emulating file memory mapping for /usr/lib/x86_64-linux-gnu/libcrypto.so.3
[SCONE|WARN] src/shielding/shielded_syscall.c:1591:shielded_syscall_emulate_memory_mapping(): Emulating file memory mapping for /usr/lib/x86_64-linux-gnu/libcrypto.so.3
[SCONE|WARN] src/shielding/shielded_syscall.c:1591:shielded_syscall_emulate_memory_mapping(): Emulating file memory mapping for /usr/local/lib/python3.11/lib-dynload/_blake2.cpython-311-x86_64-linux-gnu.so
[SCONE|WARN] src/shielding/shielded_syscall.c:1591:shielded_syscall_emulate_memory_mapping(): Emulating file memory mapping for /usr/local/lib/python3.11/lib-dynload/_blake2.cpython-311-x86_64-linux-gnu.so
[SCONE|WARN] src/shielding/shielded_syscall.c:1591:shielded_syscall_emulate_memory_mapping(): Emulating file memory mapping for /usr/local/lib/python3.11/lib-dynload/_blake2.cpython-311-x86_64-linux-gnu.so
[SCONE|WARN] src/shielding/shielded_syscall.c:1591:shielded_syscall_emulate_memory_mapping(): Emulating file memory mapping for /usr/local/lib/python3.11/lib-dynload/_blake2.cpython-311-x86_64-linux-gnu.so
[SCONE|WARN] src/shielding/shielded_syscall.c:1591:shielded_syscall_emulate_memory_mapping(): Emulating file memory mapping for /usr/local/lib/python3.11/lib-dynload/_bisect.cpython-311-x86_64-linux-gnu.so
[SCONE|WARN] src/shielding/shielded_syscall.c:1591:shielded_syscall_emulate_memory_mapping(): Emulating file memory mapping for /usr/local/lib/python3.11/lib-dynload/_bisect.cpython-311-x86_64-linux-gnu.so
[SCONE|WARN] src/shielding/shielded_syscall.c:1591:shielded_syscall_emulate_memory_mapping(): Emulating file memory mapping for /usr/local/lib/python3.11/lib-dynload/_bisect.cpython-311-x86_64-linux-gnu.so
[SCONE|WARN] src/shielding/shielded_syscall.c:1591:shielded_syscall_emulate_memory_mapping(): Emulating file memory mapping for /usr/local/lib/python3.11/lib-dynload/_bisect.cpython-311-x86_64-linux-gnu.so
[SCONE|WARN] src/shielding/shielded_syscall.c:1591:shielded_syscall_emulate_memory_mapping(): Emulating file memory mapping for /usr/local/lib/python3.11/lib-dynload/_random.cpython-311-x86_64-linux-gnu.so
[SCONE|WARN] src/shielding/shielded_syscall.c:1591:shielded_syscall_emulate_memory_mapping(): Emulating file memory mapping for /usr/local/lib/python3.11/lib-dynload/_random.cpython-311-x86_64-linux-gnu.so
[SCONE|WARN] src/shielding/shielded_syscall.c:1591:shielded_syscall_emulate_memory_mapping(): Emulating file memory mapping for /usr/local/lib/python3.11/lib-dynload/_random.cpython-311-x86_64-linux-gnu.so
[SCONE|WARN] src/shielding/shielded_syscall.c:1591:shielded_syscall_emulate_memory_mapping(): Emulating file memory mapping for /usr/local/lib/python3.11/lib-dynload/_random.cpython-311-x86_64-linux-gnu.so
[SCONE|WARN] src/shielding/shielded_syscall.c:1591:shielded_syscall_emulate_memory_mapping(): Emulating file memory mapping for /usr/local/lib/python3.11/lib-dynload/_sha512.cpython-311-x86_64-linux-gnu.so
[SCONE|WARN] src/shielding/shielded_syscall.c:1591:shielded_syscall_emulate_memory_mapping(): Emulating file memory mapping for /usr/local/lib/python3.11/lib-dynload/_sha512.cpython-311-x86_64-linux-gnu.so
[SCONE|WARN] src/shielding/shielded_syscall.c:1591:shielded_syscall_emulate_memory_mapping(): Emulating file memory mapping for /usr/local/lib/python3.11/lib-dynload/_sha512.cpython-311-x86_64-linux-gnu.so
[SCONE|WARN] src/shielding/shielded_syscall.c:1591:shielded_syscall_emulate_memory_mapping(): Emulating file memory mapping for /usr/local/lib/python3.11/lib-dynload/_sha512.cpython-311-x86_64-linux-gnu.so
[SCONE|WARN] src/shielding/shielded_syscall.c:1591:shielded_syscall_emulate_memory_mapping(): Emulating file memory mapping for /usr/local/lib/python3.11/site-packages/numpy/random/_bounded_integers.cpython-311-x86_64-linux-gnu.so
[SCONE|WARN] src/shielding/shielded_syscall.c:1591:shielded_syscall_emulate_memory_mapping(): Emulating file memory mapping for /usr/local/lib/python3.11/site-packages/numpy/random/_bounded_integers.cpython-311-x86_64-linux-gnu.so
[SCONE|WARN] src/shielding/shielded_syscall.c:1591:shielded_syscall_emulate_memory_mapping(): Emulating file memory mapping for /usr/local/lib/python3.11/site-packages/numpy/random/_bounded_integers.cpython-311-x86_64-linux-gnu.so
[SCONE|WARN] src/shielding/shielded_syscall.c:1591:shielded_syscall_emulate_memory_mapping(): Emulating file memory mapping for /usr/local/lib/python3.11/site-packages/numpy/random/_bounded_integers.cpython-311-x86_64-linux-gnu.so
[SCONE|WARN] src/shielding/shielded_syscall.c:1591:shielded_syscall_emulate_memory_mapping(): Emulating file memory mapping for /usr/local/lib/python3.11/site-packages/numpy/random/_mt19937.cpython-311-x86_64-linux-gnu.so
[SCONE|WARN] src/shielding/shielded_syscall.c:1591:shielded_syscall_emulate_memory_mapping(): Emulating file memory mapping for /usr/local/lib/python3.11/site-packages/numpy/random/_mt19937.cpython-311-x86_64-linux-gnu.so
[SCONE|WARN] src/shielding/shielded_syscall.c:1591:shielded_syscall_emulate_memory_mapping(): Emulating file memory mapping for /usr/local/lib/python3.11/site-packages/numpy/random/_mt19937.cpython-311-x86_64-linux-gnu.so
[SCONE|WARN] src/shielding/shielded_syscall.c:1591:shielded_syscall_emulate_memory_mapping(): Emulating file memory mapping for /usr/local/lib/python3.11/site-packages/numpy/random/_mt19937.cpython-311-x86_64-linux-gnu.so
[SCONE|WARN] src/shielding/shielded_syscall.c:1591:shielded_syscall_emulate_memory_mapping(): Emulating file memory mapping for /usr/local/lib/python3.11/site-packages/numpy/random/_philox.cpython-311-x86_64-linux-gnu.so
[SCONE|WARN] src/shielding/shielded_syscall.c:1591:shielded_syscall_emulate_memory_mapping(): Emulating file memory mapping for /usr/local/lib/python3.11/site-packages/numpy/random/_philox.cpython-311-x86_64-linux-gnu.so
[SCONE|WARN] src/shielding/shielded_syscall.c:1591:shielded_syscall_emulate_memory_mapping(): Emulating file memory mapping for /usr/local/lib/python3.11/site-packages/numpy/random/_philox.cpython-311-x86_64-linux-gnu.so
[SCONE|WARN] src/shielding/shielded_syscall.c:1591:shielded_syscall_emulate_memory_mapping(): Emulating file memory mapping for /usr/local/lib/python3.11/site-packages/numpy/random/_philox.cpython-311-x86_64-linux-gnu.so
[SCONE|WARN] src/shielding/shielded_syscall.c:1591:shielded_syscall_emulate_memory_mapping(): Emulating file memory mapping for /usr/local/lib/python3.11/site-packages/numpy/random/_pcg64.cpython-311-x86_64-linux-gnu.so
[SCONE|WARN] src/shielding/shielded_syscall.c:1591:shielded_syscall_emulate_memory_mapping(): Emulating file memory mapping for /usr/local/lib/python3.11/site-packages/numpy/random/_pcg64.cpython-311-x86_64-linux-gnu.so
[SCONE|WARN] src/shielding/shielded_syscall.c:1591:shielded_syscall_emulate_memory_mapping(): Emulating file memory mapping for /usr/local/lib/python3.11/site-packages/numpy/random/_pcg64.cpython-311-x86_64-linux-gnu.so
[SCONE|WARN] src/shielding/shielded_syscall.c:1591:shielded_syscall_emulate_memory_mapping(): Emulating file memory mapping for /usr/local/lib/python3.11/site-packages/numpy/random/_pcg64.cpython-311-x86_64-linux-gnu.so
[SCONE|WARN] src/shielding/shielded_syscall.c:1591:shielded_syscall_emulate_memory_mapping(): Emulating file memory mapping for /usr/local/lib/python3.11/site-packages/numpy/random/_sfc64.cpython-311-x86_64-linux-gnu.so
[SCONE|WARN] src/shielding/shielded_syscall.c:1591:shielded_syscall_emulate_memory_mapping(): Emulating file memory mapping for /usr/local/lib/python3.11/site-packages/numpy/random/_sfc64.cpython-311-x86_64-linux-gnu.so
[SCONE|WARN] src/shielding/shielded_syscall.c:1591:shielded_syscall_emulate_memory_mapping(): Emulating file memory mapping for /usr/local/lib/python3.11/site-packages/numpy/random/_sfc64.cpython-311-x86_64-linux-gnu.so
[SCONE|WARN] src/shielding/shielded_syscall.c:1591:shielded_syscall_emulate_memory_mapping(): Emulating file memory mapping for /usr/local/lib/python3.11/site-packages/numpy/random/_sfc64.cpython-311-x86_64-linux-gnu.so
[SCONE|WARN] src/shielding/shielded_syscall.c:1591:shielded_syscall_emulate_memory_mapping(): Emulating file memory mapping for /usr/local/lib/python3.11/site-packages/numpy/random/_generator.cpython-311-x86_64-linux-gnu.so
[SCONE|WARN] src/shielding/shielded_syscall.c:1591:shielded_syscall_emulate_memory_mapping(): Emulating file memory mapping for /usr/local/lib/python3.11/site-packages/numpy/random/_generator.cpython-311-x86_64-linux-gnu.so
[SCONE|WARN] src/shielding/shielded_syscall.c:1591:shielded_syscall_emulate_memory_mapping(): Emulating file memory mapping for /usr/local/lib/python3.11/site-packages/numpy/random/_generator.cpython-311-x86_64-linux-gnu.so
[SCONE|WARN] src/shielding/shielded_syscall.c:1591:shielded_syscall_emulate_memory_mapping(): Emulating file memory mapping for /usr/local/lib/python3.11/site-packages/numpy/random/_generator.cpython-311-x86_64-linux-gnu.so
[SCONE|WARN] src/shielding/shielded_syscall.c:1591:shielded_syscall_emulate_memory_mapping(): Emulating file memory mapping for /usr/local/lib/python3.11/lib-dynload/_opcode.cpython-311-x86_64-linux-gnu.so
[SCONE|WARN] src/shielding/shielded_syscall.c:1591:shielded_syscall_emulate_memory_mapping(): Emulating file memory mapping for /usr/local/lib/python3.11/lib-dynload/_opcode.cpython-311-x86_64-linux-gnu.so
[SCONE|WARN] src/shielding/shielded_syscall.c:1591:shielded_syscall_emulate_memory_mapping(): Emulating file memory mapping for /usr/local/lib/python3.11/lib-dynload/_opcode.cpython-311-x86_64-linux-gnu.so
[SCONE|WARN] src/shielding/shielded_syscall.c:1591:shielded_syscall_emulate_memory_mapping(): Emulating file memory mapping for /usr/local/lib/python3.11/lib-dynload/_opcode.cpython-311-x86_64-linux-gnu.so
[SCONE|WARN] src/shielding/shielded_syscall.c:1591:shielded_syscall_emulate_memory_mapping(): Emulating file memory mapping for /usr/local/lib/python3.11/lib-dynload/_socket.cpython-311-x86_64-linux-gnu.so
[SCONE|WARN] src/shielding/shielded_syscall.c:1591:shielded_syscall_emulate_memory_mapping(): Emulating file memory mapping for /usr/local/lib/python3.11/lib-dynload/_socket.cpython-311-x86_64-linux-gnu.so
[SCONE|WARN] src/shielding/shielded_syscall.c:1591:shielded_syscall_emulate_memory_mapping(): Emulating file memory mapping for /usr/local/lib/python3.11/lib-dynload/_socket.cpython-311-x86_64-linux-gnu.so
[SCONE|WARN] src/shielding/shielded_syscall.c:1591:shielded_syscall_emulate_memory_mapping(): Emulating file memory mapping for /usr/local/lib/python3.11/lib-dynload/_socket.cpython-311-x86_64-linux-gnu.so
[SCONE|WARN] src/shielding/shielded_syscall.c:1591:shielded_syscall_emulate_memory_mapping(): Emulating file memory mapping for /usr/local/lib/python3.11/lib-dynload/zlib.cpython-311-x86_64-linux-gnu.so
[SCONE|WARN] src/shielding/shielded_syscall.c:1591:shielded_syscall_emulate_memory_mapping(): Emulating file memory mapping for /usr/local/lib/python3.11/lib-dynload/zlib.cpython-311-x86_64-linux-gnu.so
[SCONE|WARN] src/shielding/shielded_syscall.c:1591:shielded_syscall_emulate_memory_mapping(): Emulating file memory mapping for /usr/local/lib/python3.11/lib-dynload/zlib.cpython-311-x86_64-linux-gnu.so
[SCONE|WARN] src/shielding/shielded_syscall.c:1591:shielded_syscall_emulate_memory_mapping(): Emulating file memory mapping for /usr/local/lib/python3.11/lib-dynload/zlib.cpython-311-x86_64-linux-gnu.so
[SCONE|WARN] src/shielding/shielded_syscall.c:1591:shielded_syscall_emulate_memory_mapping(): Emulating file memory mapping for /usr/local/lib/python3.11/lib-dynload/_bz2.cpython-311-x86_64-linux-gnu.so
[SCONE|WARN] src/shielding/shielded_syscall.c:1591:shielded_syscall_emulate_memory_mapping(): Emulating file memory mapping for /usr/local/lib/python3.11/lib-dynload/_bz2.cpython-311-x86_64-linux-gnu.so
[SCONE|WARN] src/shielding/shielded_syscall.c:1591:shielded_syscall_emulate_memory_mapping(): Emulating file memory mapping for /usr/local/lib/python3.11/lib-dynload/_bz2.cpython-311-x86_64-linux-gnu.so
[SCONE|WARN] src/shielding/shielded_syscall.c:1591:shielded_syscall_emulate_memory_mapping(): Emulating file memory mapping for /usr/local/lib/python3.11/lib-dynload/_bz2.cpython-311-x86_64-linux-gnu.so
[SCONE|WARN] src/shielding/shielded_syscall.c:1591:shielded_syscall_emulate_memory_mapping(): Emulating file memory mapping for /usr/lib/x86_64-linux-gnu/libbz2.so.1.0.4
[SCONE|WARN] src/shielding/shielded_syscall.c:1591:shielded_syscall_emulate_memory_mapping(): Emulating file memory mapping for /usr/lib/x86_64-linux-gnu/libbz2.so.1.0.4
[SCONE|WARN] src/shielding/shielded_syscall.c:1591:shielded_syscall_emulate_memory_mapping(): Emulating file memory mapping for /usr/lib/x86_64-linux-gnu/libbz2.so.1.0.4
[SCONE|WARN] src/shielding/shielded_syscall.c:1591:shielded_syscall_emulate_memory_mapping(): Emulating file memory mapping for /usr/lib/x86_64-linux-gnu/libbz2.so.1.0.4
[SCONE|WARN] src/shielding/shielded_syscall.c:1591:shielded_syscall_emulate_memory_mapping(): Emulating file memory mapping for /usr/local/lib/python3.11/lib-dynload/_lzma.cpython-311-x86_64-linux-gnu.so
[SCONE|WARN] src/shielding/shielded_syscall.c:1591:shielded_syscall_emulate_memory_mapping(): Emulating file memory mapping for /usr/local/lib/python3.11/lib-dynload/_lzma.cpython-311-x86_64-linux-gnu.so
[SCONE|WARN] src/shielding/shielded_syscall.c:1591:shielded_syscall_emulate_memory_mapping(): Emulating file memory mapping for /usr/local/lib/python3.11/lib-dynload/_lzma.cpython-311-x86_64-linux-gnu.so
[SCONE|WARN] src/shielding/shielded_syscall.c:1591:shielded_syscall_emulate_memory_mapping(): Emulating file memory mapping for /usr/local/lib/python3.11/lib-dynload/_lzma.cpython-311-x86_64-linux-gnu.so
[SCONE|WARN] src/shielding/shielded_syscall.c:1591:shielded_syscall_emulate_memory_mapping(): Emulating file memory mapping for /usr/lib/x86_64-linux-gnu/liblzma.so.5.4.1
[SCONE|WARN] src/shielding/shielded_syscall.c:1591:shielded_syscall_emulate_memory_mapping(): Emulating file memory mapping for /usr/lib/x86_64-linux-gnu/liblzma.so.5.4.1
[SCONE|WARN] src/shielding/shielded_syscall.c:1591:shielded_syscall_emulate_memory_mapping(): Emulating file memory mapping for /usr/lib/x86_64-linux-gnu/liblzma.so.5.4.1
[SCONE|WARN] src/shielding/shielded_syscall.c:1591:shielded_syscall_emulate_memory_mapping(): Emulating file memory mapping for /usr/lib/x86_64-linux-gnu/liblzma.so.5.4.1
[SCONE|WARN] src/shielding/shielded_syscall.c:1591:shielded_syscall_emulate_memory_mapping(): Emulating file memory mapping for /usr/local/lib/python3.11/lib-dynload/select.cpython-311-x86_64-linux-gnu.so
[SCONE|WARN] src/shielding/shielded_syscall.c:1591:shielded_syscall_emulate_memory_mapping(): Emulating file memory mapping for /usr/local/lib/python3.11/lib-dynload/select.cpython-311-x86_64-linux-gnu.so
[SCONE|WARN] src/shielding/shielded_syscall.c:1591:shielded_syscall_emulate_memory_mapping(): Emulating file memory mapping for /usr/local/lib/python3.11/lib-dynload/select.cpython-311-x86_64-linux-gnu.so
[SCONE|WARN] src/shielding/shielded_syscall.c:1591:shielded_syscall_emulate_memory_mapping(): Emulating file memory mapping for /usr/local/lib/python3.11/lib-dynload/select.cpython-311-x86_64-linux-gnu.so
[SCONE|WARN] src/shielding/shielded_syscall.c:1591:shielded_syscall_emulate_memory_mapping(): Emulating file memory mapping for /usr/local/lib/python3.11/lib-dynload/array.cpython-311-x86_64-linux-gnu.so
[SCONE|WARN] src/shielding/shielded_syscall.c:1591:shielded_syscall_emulate_memory_mapping(): Emulating file memory mapping for /usr/local/lib/python3.11/lib-dynload/array.cpython-311-x86_64-linux-gnu.so
[SCONE|WARN] src/shielding/shielded_syscall.c:1591:shielded_syscall_emulate_memory_mapping(): Emulating file memory mapping for /usr/local/lib/python3.11/lib-dynload/array.cpython-311-x86_64-linux-gnu.so
[SCONE|WARN] src/shielding/shielded_syscall.c:1591:shielded_syscall_emulate_memory_mapping(): Emulating file memory mapping for /usr/local/lib/python3.11/lib-dynload/array.cpython-311-x86_64-linux-gnu.so
[SCONE|WARN] src/shielding/shielded_syscall.c:1591:shielded_syscall_emulate_memory_mapping(): Emulating file memory mapping for /usr/local/lib/python3.11/lib-dynload/fcntl.cpython-311-x86_64-linux-gnu.so
[SCONE|WARN] src/shielding/shielded_syscall.c:1591:shielded_syscall_emulate_memory_mapping(): Emulating file memory mapping for /usr/local/lib/python3.11/lib-dynload/fcntl.cpython-311-x86_64-linux-gnu.so
[SCONE|WARN] src/shielding/shielded_syscall.c:1591:shielded_syscall_emulate_memory_mapping(): Emulating file memory mapping for /usr/local/lib/python3.11/lib-dynload/fcntl.cpython-311-x86_64-linux-gnu.so
[SCONE|WARN] src/shielding/shielded_syscall.c:1591:shielded_syscall_emulate_memory_mapping(): Emulating file memory mapping for /usr/local/lib/python3.11/lib-dynload/fcntl.cpython-311-x86_64-linux-gnu.so
[SCONE|WARN] src/shielding/shielded_syscall.c:1591:shielded_syscall_emulate_memory_mapping(): Emulating file memory mapping for /usr/local/lib/python3.11/lib-dynload/_posixsubprocess.cpython-311-x86_64-linux-gnu.so
[SCONE|WARN] src/shielding/shielded_syscall.c:1591:shielded_syscall_emulate_memory_mapping(): Emulating file memory mapping for /usr/local/lib/python3.11/lib-dynload/_posixsubprocess.cpython-311-x86_64-linux-gnu.so
[SCONE|WARN] src/shielding/shielded_syscall.c:1591:shielded_syscall_emulate_memory_mapping(): Emulating file memory mapping for /usr/local/lib/python3.11/lib-dynload/_posixsubprocess.cpython-311-x86_64-linux-gnu.so
[SCONE|WARN] src/shielding/shielded_syscall.c:1591:shielded_syscall_emulate_memory_mapping(): Emulating file memory mapping for /usr/local/lib/python3.11/lib-dynload/_posixsubprocess.cpython-311-x86_64-linux-gnu.so
[SCONE|WARN] src/shielding/shielded_syscall.c:1591:shielded_syscall_emulate_memory_mapping(): Emulating file memory mapping for /usr/local/lib/python3.11/site-packages/torch/lib/libtorch_global_deps.so
[SCONE|WARN] src/shielding/shielded_syscall.c:1591:shielded_syscall_emulate_memory_mapping(): Emulating file memory mapping for /usr/local/lib/python3.11/site-packages/torch/lib/libtorch_global_deps.so
[SCONE|WARN] src/shielding/shielded_syscall.c:1591:shielded_syscall_emulate_memory_mapping(): Emulating file memory mapping for /usr/local/lib/python3.11/site-packages/torch/lib/libtorch_global_deps.so
[SCONE|WARN] src/shielding/shielded_syscall.c:1591:shielded_syscall_emulate_memory_mapping(): Emulating file memory mapping for /usr/lib/x86_64-linux-gnu/libdl.so.2
[SCONE|WARN] src/shielding/shielded_syscall.c:1591:shielded_syscall_emulate_memory_mapping(): Emulating file memory mapping for /usr/lib/x86_64-linux-gnu/libdl.so.2
[SCONE|WARN] src/shielding/shielded_syscall.c:1591:shielded_syscall_emulate_memory_mapping(): Emulating file memory mapping for /usr/lib/x86_64-linux-gnu/libdl.so.2
[SCONE|WARN] src/shielding/shielded_syscall.c:1591:shielded_syscall_emulate_memory_mapping(): Emulating file memory mapping for /usr/lib/x86_64-linux-gnu/libdl.so.2
[SCONE|WARN] src/shielding/shielded_syscall.c:1591:shielded_syscall_emulate_memory_mapping(): Emulating file memory mapping for /usr/local/lib/python3.11/site-packages/torch/lib/libgomp-a34b3233.so.1
[SCONE|WARN] src/shielding/shielded_syscall.c:1591:shielded_syscall_emulate_memory_mapping(): Emulating file memory mapping for /usr/local/lib/python3.11/site-packages/torch/lib/libgomp-a34b3233.so.1
[SCONE|WARN] src/shielding/shielded_syscall.c:1591:shielded_syscall_emulate_memory_mapping(): Emulating file memory mapping for /usr/local/lib/python3.11/site-packages/torch/lib/libgomp-a34b3233.so.1
[SCONE|WARN] src/shielding/shielded_syscall.c:1591:shielded_syscall_emulate_memory_mapping(): Emulating file memory mapping for /usr/local/lib/python3.11/site-packages/torch/_C.cpython-311-x86_64-linux-gnu.so
[SCONE|WARN] src/shielding/shielded_syscall.c:1591:shielded_syscall_emulate_memory_mapping(): Emulating file memory mapping for /usr/local/lib/python3.11/site-packages/torch/_C.cpython-311-x86_64-linux-gnu.so
[SCONE|WARN] src/shielding/shielded_syscall.c:1591:shielded_syscall_emulate_memory_mapping(): Emulating file memory mapping for /usr/local/lib/python3.11/site-packages/torch/_C.cpython-311-x86_64-linux-gnu.so
[SCONE|WARN] src/shielding/shielded_syscall.c:1591:shielded_syscall_emulate_memory_mapping(): Emulating file memory mapping for /usr/local/lib/python3.11/site-packages/torch/_C.cpython-311-x86_64-linux-gnu.so
[SCONE|WARN] src/shielding/shielded_syscall.c:1591:shielded_syscall_emulate_memory_mapping(): Emulating file memory mapping for /usr/local/lib/python3.11/site-packages/torch/_C.cpython-311-x86_64-linux-gnu.so
[SCONE|WARN] src/shielding/shielded_syscall.c:1591:shielded_syscall_emulate_memory_mapping(): Emulating file memory mapping for /usr/local/lib/python3.11/site-packages/torch/lib/libtorch_python.so
[SCONE|WARN] src/shielding/shielded_syscall.c:1591:shielded_syscall_emulate_memory_mapping(): Emulating file memory mapping for /usr/local/lib/python3.11/site-packages/torch/lib/libtorch_python.so
[SCONE|WARN] src/shielding/shielded_syscall.c:1591:shielded_syscall_emulate_memory_mapping(): Emulating file memory mapping for /usr/local/lib/python3.11/site-packages/torch/lib/libtorch.so
[SCONE|WARN] src/shielding/shielded_syscall.c:1591:shielded_syscall_emulate_memory_mapping(): Emulating file memory mapping for /usr/local/lib/python3.11/site-packages/torch/lib/libtorch.so
[SCONE|WARN] src/shielding/shielded_syscall.c:1591:shielded_syscall_emulate_memory_mapping(): Emulating file memory mapping for /usr/local/lib/python3.11/site-packages/torch/lib/libshm.so
[SCONE|WARN] src/shielding/shielded_syscall.c:1591:shielded_syscall_emulate_memory_mapping(): Emulating file memory mapping for /usr/local/lib/python3.11/site-packages/torch/lib/libshm.so
[SCONE|WARN] src/shielding/shielded_syscall.c:1591:shielded_syscall_emulate_memory_mapping(): Emulating file memory mapping for /usr/local/lib/python3.11/site-packages/torch/lib/libshm.so
[SCONE|WARN] src/shielding/shielded_syscall.c:1591:shielded_syscall_emulate_memory_mapping(): Emulating file memory mapping for /usr/local/lib/python3.11/site-packages/torch/lib/libtorch_cpu.so
[SCONE|WARN] src/shielding/shielded_syscall.c:1591:shielded_syscall_emulate_memory_mapping(): Emulating file memory mapping for /usr/local/lib/python3.11/site-packages/torch/lib/libtorch_cpu.so
[SCONE|WARN] src/shielding/shielded_syscall.c:1591:shielded_syscall_emulate_memory_mapping(): Emulating file memory mapping for /usr/local/lib/python3.11/site-packages/torch/lib/libtorch_cpu.so
[SCONE|WARN] src/shielding/shielded_syscall.c:1591:shielded_syscall_emulate_memory_mapping(): Emulating file memory mapping for /usr/local/lib/python3.11/site-packages/torch/lib/libc10.so
[SCONE|WARN] src/shielding/shielded_syscall.c:1591:shielded_syscall_emulate_memory_mapping(): Emulating file memory mapping for /usr/local/lib/python3.11/site-packages/torch/lib/libc10.so
[SCONE|WARN] src/shielding/shielded_syscall.c:1591:shielded_syscall_emulate_memory_mapping(): Emulating file memory mapping for /usr/lib/x86_64-linux-gnu/libstdc++.so.6.0.30
[SCONE|WARN] src/shielding/shielded_syscall.c:1591:shielded_syscall_emulate_memory_mapping(): Emulating file memory mapping for /usr/lib/x86_64-linux-gnu/libstdc++.so.6.0.30
[SCONE|WARN] src/shielding/shielded_syscall.c:1591:shielded_syscall_emulate_memory_mapping(): Emulating file memory mapping for /usr/lib/x86_64-linux-gnu/libstdc++.so.6.0.30
[SCONE|WARN] src/shielding/shielded_syscall.c:1591:shielded_syscall_emulate_memory_mapping(): Emulating file memory mapping for /usr/lib/x86_64-linux-gnu/libstdc++.so.6.0.30
[SCONE|WARN] src/shielding/shielded_syscall.c:1591:shielded_syscall_emulate_memory_mapping(): Emulating file memory mapping for /usr/lib/x86_64-linux-gnu/librt.so.1
[SCONE|WARN] src/shielding/shielded_syscall.c:1591:shielded_syscall_emulate_memory_mapping(): Emulating file memory mapping for /usr/lib/x86_64-linux-gnu/librt.so.1
[SCONE|WARN] src/shielding/shielded_syscall.c:1591:shielded_syscall_emulate_memory_mapping(): Emulating file memory mapping for /usr/lib/x86_64-linux-gnu/librt.so.1
[SCONE|WARN] src/shielding/shielded_syscall.c:1591:shielded_syscall_emulate_memory_mapping(): Emulating file memory mapping for /usr/lib/x86_64-linux-gnu/librt.so.1
[SCONE|WARN] src/syscall/sched.c:50:syscall_SYS_sched_setaffinity(): sched_setaffinity was called, it will have no effect
[SCONE|WARN] src/shielding/fs_proc.c:822:proc_fs_open(): open: /proc/1/environ is not supported/allowed
[SCONE|WARN] src/syscall/sched.c:50:syscall_SYS_sched_setaffinity(): sched_setaffinity was called, it will have no effect
[SCONE|WARN] src/syscall/sched.c:50:syscall_SYS_sched_setaffinity(): sched_setaffinity was called, it will have no effect
[SCONE|WARN] src/syscall/sched.c:50:syscall_SYS_sched_setaffinity(): sched_setaffinity was called, it will have no effect
[SCONE|WARN] src/syscall/sched.c:50:syscall_SYS_sched_setaffinity(): sched_setaffinity was called, it will have no effect
[SCONE|WARN] src/syscall/sched.c:50:syscall_SYS_sched_setaffinity(): sched_setaffinity was called, it will have no effect
[SCONE|WARN] src/shielding/shielded_syscall.c:1591:shielded_syscall_emulate_memory_mapping(): Emulating file memory mapping for /usr/local/lib/python3.11/lib-dynload/_heapq.cpython-311-x86_64-linux-gnu.so
[SCONE|WARN] src/shielding/shielded_syscall.c:1591:shielded_syscall_emulate_memory_mapping(): Emulating file memory mapping for /usr/local/lib/python3.11/lib-dynload/_heapq.cpython-311-x86_64-linux-gnu.so
[SCONE|WARN] src/shielding/shielded_syscall.c:1591:shielded_syscall_emulate_memory_mapping(): Emulating file memory mapping for /usr/local/lib/python3.11/lib-dynload/_heapq.cpython-311-x86_64-linux-gnu.so
[SCONE|WARN] src/shielding/shielded_syscall.c:1591:shielded_syscall_emulate_memory_mapping(): Emulating file memory mapping for /usr/local/lib/python3.11/lib-dynload/_heapq.cpython-311-x86_64-linux-gnu.so
[SCONE|WARN] src/shielding/shielded_syscall.c:1591:shielded_syscall_emulate_memory_mapping(): Emulating file memory mapping for /usr/local/lib/python3.11/lib-dynload/grp.cpython-311-x86_64-linux-gnu.so
[SCONE|WARN] src/shielding/shielded_syscall.c:1591:shielded_syscall_emulate_memory_mapping(): Emulating file memory mapping for /usr/local/lib/python3.11/lib-dynload/grp.cpython-311-x86_64-linux-gnu.so
[SCONE|WARN] src/shielding/shielded_syscall.c:1591:shielded_syscall_emulate_memory_mapping(): Emulating file memory mapping for /usr/local/lib/python3.11/lib-dynload/grp.cpython-311-x86_64-linux-gnu.so
[SCONE|WARN] src/shielding/shielded_syscall.c:1591:shielded_syscall_emulate_memory_mapping(): Emulating file memory mapping for /usr/local/lib/python3.11/lib-dynload/grp.cpython-311-x86_64-linux-gnu.so
[SCONE|WARN] src/shielding/shielded_syscall.c:1591:shielded_syscall_emulate_memory_mapping(): Emulating file memory mapping for /usr/local/lib/python3.11/lib-dynload/mmap.cpython-311-x86_64-linux-gnu.so
[SCONE|WARN] src/shielding/shielded_syscall.c:1591:shielded_syscall_emulate_memory_mapping(): Emulating file memory mapping for /usr/local/lib/python3.11/lib-dynload/mmap.cpython-311-x86_64-linux-gnu.so
[SCONE|WARN] src/shielding/shielded_syscall.c:1591:shielded_syscall_emulate_memory_mapping(): Emulating file memory mapping for /usr/local/lib/python3.11/lib-dynload/mmap.cpython-311-x86_64-linux-gnu.so
[SCONE|WARN] src/shielding/shielded_syscall.c:1591:shielded_syscall_emulate_memory_mapping(): Emulating file memory mapping for /usr/local/lib/python3.11/lib-dynload/mmap.cpython-311-x86_64-linux-gnu.so
[SCONE|WARN] src/shielding/shielded_syscall.c:1591:shielded_syscall_emulate_memory_mapping(): Emulating file memory mapping for /usr/local/lib/python3.11/lib-dynload/_ssl.cpython-311-x86_64-linux-gnu.so
[SCONE|WARN] src/shielding/shielded_syscall.c:1591:shielded_syscall_emulate_memory_mapping(): Emulating file memory mapping for /usr/local/lib/python3.11/lib-dynload/_ssl.cpython-311-x86_64-linux-gnu.so
[SCONE|WARN] src/shielding/shielded_syscall.c:1591:shielded_syscall_emulate_memory_mapping(): Emulating file memory mapping for /usr/local/lib/python3.11/lib-dynload/_ssl.cpython-311-x86_64-linux-gnu.so
[SCONE|WARN] src/shielding/shielded_syscall.c:1591:shielded_syscall_emulate_memory_mapping(): Emulating file memory mapping for /usr/local/lib/python3.11/lib-dynload/_ssl.cpython-311-x86_64-linux-gnu.so
[SCONE|WARN] src/shielding/shielded_syscall.c:1591:shielded_syscall_emulate_memory_mapping(): Emulating file memory mapping for /usr/lib/x86_64-linux-gnu/libssl.so.3
[SCONE|WARN] src/shielding/shielded_syscall.c:1591:shielded_syscall_emulate_memory_mapping(): Emulating file memory mapping for /usr/lib/x86_64-linux-gnu/libssl.so.3
[SCONE|WARN] src/shielding/shielded_syscall.c:1591:shielded_syscall_emulate_memory_mapping(): Emulating file memory mapping for /usr/lib/x86_64-linux-gnu/libssl.so.3
[SCONE|WARN] src/shielding/shielded_syscall.c:1591:shielded_syscall_emulate_memory_mapping(): Emulating file memory mapping for /usr/lib/x86_64-linux-gnu/libssl.so.3
[SCONE|WARN] src/shielding/shielded_syscall.c:1591:shielded_syscall_emulate_memory_mapping(): Emulating file memory mapping for /usr/local/lib/python3.11/lib-dynload/_asyncio.cpython-311-x86_64-linux-gnu.so
[SCONE|WARN] src/shielding/shielded_syscall.c:1591:shielded_syscall_emulate_memory_mapping(): Emulating file memory mapping for /usr/local/lib/python3.11/lib-dynload/_asyncio.cpython-311-x86_64-linux-gnu.so
[SCONE|WARN] src/shielding/shielded_syscall.c:1591:shielded_syscall_emulate_memory_mapping(): Emulating file memory mapping for /usr/local/lib/python3.11/lib-dynload/_asyncio.cpython-311-x86_64-linux-gnu.so
[SCONE|WARN] src/shielding/shielded_syscall.c:1591:shielded_syscall_emulate_memory_mapping(): Emulating file memory mapping for /usr/local/lib/python3.11/lib-dynload/_asyncio.cpython-311-x86_64-linux-gnu.so
[SCONE|WARN] src/shielding/shielded_syscall.c:1591:shielded_syscall_emulate_memory_mapping(): Emulating file memory mapping for /usr/local/lib/python3.11/lib-dynload/_queue.cpython-311-x86_64-linux-gnu.so
[SCONE|WARN] src/shielding/shielded_syscall.c:1591:shielded_syscall_emulate_memory_mapping(): Emulating file memory mapping for /usr/local/lib/python3.11/lib-dynload/_queue.cpython-311-x86_64-linux-gnu.so
[SCONE|WARN] src/shielding/shielded_syscall.c:1591:shielded_syscall_emulate_memory_mapping(): Emulating file memory mapping for /usr/local/lib/python3.11/lib-dynload/_queue.cpython-311-x86_64-linux-gnu.so
[SCONE|WARN] src/shielding/shielded_syscall.c:1591:shielded_syscall_emulate_memory_mapping(): Emulating file memory mapping for /usr/local/lib/python3.11/lib-dynload/_queue.cpython-311-x86_64-linux-gnu.so
[SCONE|WARN] src/shielding/shielded_syscall.c:1591:shielded_syscall_emulate_memory_mapping(): Emulating file memory mapping for /usr/local/lib/python3.11/lib-dynload/cmath.cpython-311-x86_64-linux-gnu.so
[SCONE|WARN] src/shielding/shielded_syscall.c:1591:shielded_syscall_emulate_memory_mapping(): Emulating file memory mapping for /usr/local/lib/python3.11/lib-dynload/cmath.cpython-311-x86_64-linux-gnu.so
[SCONE|WARN] src/shielding/shielded_syscall.c:1591:shielded_syscall_emulate_memory_mapping(): Emulating file memory mapping for /usr/local/lib/python3.11/lib-dynload/cmath.cpython-311-x86_64-linux-gnu.so
[SCONE|WARN] src/shielding/shielded_syscall.c:1591:shielded_syscall_emulate_memory_mapping(): Emulating file memory mapping for /usr/local/lib/python3.11/lib-dynload/cmath.cpython-311-x86_64-linux-gnu.so
[SCONE|WARN] src/shielding/shielded_syscall.c:1591:shielded_syscall_emulate_memory_mapping(): Emulating file memory mapping for /usr/local/lib/python3.11/lib-dynload/_uuid.cpython-311-x86_64-linux-gnu.so
[SCONE|WARN] src/shielding/shielded_syscall.c:1591:shielded_syscall_emulate_memory_mapping(): Emulating file memory mapping for /usr/local/lib/python3.11/lib-dynload/_uuid.cpython-311-x86_64-linux-gnu.so
[SCONE|WARN] src/shielding/shielded_syscall.c:1591:shielded_syscall_emulate_memory_mapping(): Emulating file memory mapping for /usr/local/lib/python3.11/lib-dynload/_uuid.cpython-311-x86_64-linux-gnu.so
[SCONE|WARN] src/shielding/shielded_syscall.c:1591:shielded_syscall_emulate_memory_mapping(): Emulating file memory mapping for /usr/local/lib/python3.11/lib-dynload/_uuid.cpython-311-x86_64-linux-gnu.so
[SCONE|WARN] src/shielding/shielded_syscall.c:1591:shielded_syscall_emulate_memory_mapping(): Emulating file memory mapping for /usr/lib/x86_64-linux-gnu/libuuid.so.1.3.0
[SCONE|WARN] src/shielding/shielded_syscall.c:1591:shielded_syscall_emulate_memory_mapping(): Emulating file memory mapping for /usr/lib/x86_64-linux-gnu/libuuid.so.1.3.0
[SCONE|WARN] src/shielding/shielded_syscall.c:1591:shielded_syscall_emulate_memory_mapping(): Emulating file memory mapping for /usr/lib/x86_64-linux-gnu/libuuid.so.1.3.0
[SCONE|WARN] src/shielding/shielded_syscall.c:1591:shielded_syscall_emulate_memory_mapping(): Emulating file memory mapping for /usr/lib/x86_64-linux-gnu/libuuid.so.1.3.0
[SCONE|WARN] src/shielding/shielded_syscall.c:1591:shielded_syscall_emulate_memory_mapping(): Emulating file memory mapping for /usr/local/lib/python3.11/lib-dynload/unicodedata.cpython-311-x86_64-linux-gnu.so
[SCONE|WARN] src/shielding/shielded_syscall.c:1591:shielded_syscall_emulate_memory_mapping(): Emulating file memory mapping for /usr/local/lib/python3.11/lib-dynload/unicodedata.cpython-311-x86_64-linux-gnu.so
[SCONE|WARN] src/shielding/shielded_syscall.c:1591:shielded_syscall_emulate_memory_mapping(): Emulating file memory mapping for /usr/local/lib/python3.11/lib-dynload/unicodedata.cpython-311-x86_64-linux-gnu.so
[SCONE|WARN] src/shielding/shielded_syscall.c:1591:shielded_syscall_emulate_memory_mapping(): Emulating file memory mapping for /usr/local/lib/python3.11/lib-dynload/unicodedata.cpython-311-x86_64-linux-gnu.so
[SCONE|WARN] src/shielding/shielded_syscall.c:1591:shielded_syscall_emulate_memory_mapping(): Emulating file memory mapping for /usr/local/lib/python3.11/lib-dynload/_csv.cpython-311-x86_64-linux-gnu.so
[SCONE|WARN] src/shielding/shielded_syscall.c:1591:shielded_syscall_emulate_memory_mapping(): Emulating file memory mapping for /usr/local/lib/python3.11/lib-dynload/_csv.cpython-311-x86_64-linux-gnu.so
[SCONE|WARN] src/shielding/shielded_syscall.c:1591:shielded_syscall_emulate_memory_mapping(): Emulating file memory mapping for /usr/local/lib/python3.11/lib-dynload/_csv.cpython-311-x86_64-linux-gnu.so
[SCONE|WARN] src/shielding/shielded_syscall.c:1591:shielded_syscall_emulate_memory_mapping(): Emulating file memory mapping for /usr/local/lib/python3.11/lib-dynload/_csv.cpython-311-x86_64-linux-gnu.so
[SCONE|WARN] src/shielding/shielded_syscall.c:1591:shielded_syscall_emulate_memory_mapping(): Emulating file memory mapping for /usr/local/lib/python3.11/lib-dynload/_multiprocessing.cpython-311-x86_64-linux-gnu.so
[SCONE|WARN] src/shielding/shielded_syscall.c:1591:shielded_syscall_emulate_memory_mapping(): Emulating file memory mapping for /usr/local/lib/python3.11/lib-dynload/_multiprocessing.cpython-311-x86_64-linux-gnu.so
[SCONE|WARN] src/shielding/shielded_syscall.c:1591:shielded_syscall_emulate_memory_mapping(): Emulating file memory mapping for /usr/local/lib/python3.11/lib-dynload/_multiprocessing.cpython-311-x86_64-linux-gnu.so
[SCONE|WARN] src/shielding/shielded_syscall.c:1591:shielded_syscall_emulate_memory_mapping(): Emulating file memory mapping for /usr/local/lib/python3.11/lib-dynload/_multiprocessing.cpython-311-x86_64-linux-gnu.so
[SCONE|WARN] src/shielding/shielded_syscall.c:1591:shielded_syscall_emulate_memory_mapping(): Emulating file memory mapping for /usr/local/lib/python3.11/site-packages/scipy/_lib/_ccallback_c.cpython-311-x86_64-linux-gnu.so
[SCONE|WARN] src/shielding/shielded_syscall.c:1591:shielded_syscall_emulate_memory_mapping(): Emulating file memory mapping for /usr/local/lib/python3.11/site-packages/scipy/_lib/_ccallback_c.cpython-311-x86_64-linux-gnu.so
[SCONE|WARN] src/shielding/shielded_syscall.c:1591:shielded_syscall_emulate_memory_mapping(): Emulating file memory mapping for /usr/local/lib/python3.11/site-packages/scipy/_lib/_ccallback_c.cpython-311-x86_64-linux-gnu.so
[SCONE|WARN] src/shielding/shielded_syscall.c:1591:shielded_syscall_emulate_memory_mapping(): Emulating file memory mapping for /usr/local/lib/python3.11/site-packages/scipy/_lib/_ccallback_c.cpython-311-x86_64-linux-gnu.so
[SCONE|WARN] src/shielding/shielded_syscall.c:1591:shielded_syscall_emulate_memory_mapping(): Emulating file memory mapping for /usr/local/lib/python3.11/site-packages/scipy/_cyutility.cpython-311-x86_64-linux-gnu.so
[SCONE|WARN] src/shielding/shielded_syscall.c:1591:shielded_syscall_emulate_memory_mapping(): Emulating file memory mapping for /usr/local/lib/python3.11/site-packages/scipy/_cyutility.cpython-311-x86_64-linux-gnu.so
[SCONE|WARN] src/shielding/shielded_syscall.c:1591:shielded_syscall_emulate_memory_mapping(): Emulating file memory mapping for /usr/local/lib/python3.11/site-packages/scipy/_cyutility.cpython-311-x86_64-linux-gnu.so
[SCONE|WARN] src/shielding/shielded_syscall.c:1591:shielded_syscall_emulate_memory_mapping(): Emulating file memory mapping for /usr/local/lib/python3.11/site-packages/scipy/_cyutility.cpython-311-x86_64-linux-gnu.so
[SCONE|WARN] src/shielding/shielded_syscall.c:1591:shielded_syscall_emulate_memory_mapping(): Emulating file memory mapping for /usr/local/lib/python3.11/site-packages/scipy/linalg/_fblas.cpython-311-x86_64-linux-gnu.so
[SCONE|WARN] src/shielding/shielded_syscall.c:1591:shielded_syscall_emulate_memory_mapping(): Emulating file memory mapping for /usr/local/lib/python3.11/site-packages/scipy/linalg/_fblas.cpython-311-x86_64-linux-gnu.so
[SCONE|WARN] src/shielding/shielded_syscall.c:1591:shielded_syscall_emulate_memory_mapping(): Emulating file memory mapping for /usr/local/lib/python3.11/site-packages/scipy/linalg/_fblas.cpython-311-x86_64-linux-gnu.so
[SCONE|WARN] src/shielding/shielded_syscall.c:1591:shielded_syscall_emulate_memory_mapping(): Emulating file memory mapping for /usr/local/lib/python3.11/site-packages/scipy/linalg/_fblas.cpython-311-x86_64-linux-gnu.so
[SCONE|WARN] src/shielding/shielded_syscall.c:1591:shielded_syscall_emulate_memory_mapping(): Emulating file memory mapping for /usr/local/lib/python3.11/site-packages/scipy/linalg/_fblas.cpython-311-x86_64-linux-gnu.so
[SCONE|WARN] src/shielding/shielded_syscall.c:1591:shielded_syscall_emulate_memory_mapping(): Emulating file memory mapping for /usr/local/lib/python3.11/site-packages/scipy/linalg/_fblas.cpython-311-x86_64-linux-gnu.so
[SCONE|WARN] src/shielding/shielded_syscall.c:1591:shielded_syscall_emulate_memory_mapping(): Emulating file memory mapping for /usr/local/lib/python3.11/site-packages/scipy.libs/libscipy_openblas-6cdc3b4a.so
[SCONE|WARN] src/shielding/shielded_syscall.c:1591:shielded_syscall_emulate_memory_mapping(): Emulating file memory mapping for /usr/local/lib/python3.11/site-packages/scipy.libs/libscipy_openblas-6cdc3b4a.so
[SCONE|WARN] src/shielding/shielded_syscall.c:1591:shielded_syscall_emulate_memory_mapping(): Emulating file memory mapping for /usr/local/lib/python3.11/site-packages/scipy.libs/libscipy_openblas-6cdc3b4a.so
[SCONE|WARN] src/shielding/shielded_syscall.c:1591:shielded_syscall_emulate_memory_mapping(): Emulating file memory mapping for /usr/local/lib/python3.11/site-packages/scipy.libs/libscipy_openblas-6cdc3b4a.so
[SCONE|WARN] src/shielding/shielded_syscall.c:1591:shielded_syscall_emulate_memory_mapping(): Emulating file memory mapping for /usr/local/lib/python3.11/site-packages/scipy.libs/libscipy_openblas-6cdc3b4a.so
[SCONE|WARN] src/shielding/shielded_syscall.c:1591:shielded_syscall_emulate_memory_mapping(): Emulating file memory mapping for /usr/local/lib/python3.11/site-packages/scipy.libs/libscipy_openblas-6cdc3b4a.so
[SCONE|WARN] src/shielding/shielded_syscall.c:1591:shielded_syscall_emulate_memory_mapping(): Emulating file memory mapping for /usr/local/lib/python3.11/site-packages/scipy.libs/libscipy_openblas-6cdc3b4a.so
[SCONE|WARN] src/shielding/shielded_syscall.c:1591:shielded_syscall_emulate_memory_mapping(): Emulating file memory mapping for /usr/local/lib/python3.11/site-packages/scipy.libs/libscipy_openblas-6cdc3b4a.so
[SCONE|WARN] src/shielding/shielded_syscall.c:1591:shielded_syscall_emulate_memory_mapping(): Emulating file memory mapping for /usr/local/lib/python3.11/site-packages/scipy.libs/libscipy_openblas-6cdc3b4a.so
[SCONE|WARN] src/shielding/shielded_syscall.c:1591:shielded_syscall_emulate_memory_mapping(): Emulating file memory mapping for /usr/local/lib/python3.11/site-packages/scipy.libs/libgfortran-8f1e9814.so.5.0.0
[SCONE|WARN] src/shielding/shielded_syscall.c:1591:shielded_syscall_emulate_memory_mapping(): Emulating file memory mapping for /usr/local/lib/python3.11/site-packages/scipy.libs/libgfortran-8f1e9814.so.5.0.0
[SCONE|WARN] src/shielding/shielded_syscall.c:1591:shielded_syscall_emulate_memory_mapping(): Emulating file memory mapping for /usr/local/lib/python3.11/site-packages/scipy.libs/libgfortran-8f1e9814.so.5.0.0
[SCONE|WARN] src/shielding/shielded_syscall.c:1591:shielded_syscall_emulate_memory_mapping(): Emulating file memory mapping for /usr/local/lib/python3.11/site-packages/scipy.libs/libgfortran-8f1e9814.so.5.0.0
[SCONE|WARN] src/shielding/shielded_syscall.c:1591:shielded_syscall_emulate_memory_mapping(): Emulating file memory mapping for /usr/local/lib/python3.11/site-packages/scipy.libs/libgfortran-040039e1-0352e75f.so.5.0.0
[SCONE|WARN] src/shielding/shielded_syscall.c:1591:shielded_syscall_emulate_memory_mapping(): Emulating file memory mapping for /usr/local/lib/python3.11/site-packages/scipy.libs/libgfortran-040039e1-0352e75f.so.5.0.0
[SCONE|WARN] src/shielding/shielded_syscall.c:1591:shielded_syscall_emulate_memory_mapping(): Emulating file memory mapping for /usr/local/lib/python3.11/site-packages/scipy.libs/libgfortran-040039e1-0352e75f.so.5.0.0
[SCONE|WARN] src/shielding/shielded_syscall.c:1591:shielded_syscall_emulate_memory_mapping(): Emulating file memory mapping for /usr/local/lib/python3.11/site-packages/scipy.libs/libgfortran-040039e1-0352e75f.so.5.0.0
[SCONE|WARN] src/shielding/shielded_syscall.c:1591:shielded_syscall_emulate_memory_mapping(): Emulating file memory mapping for /usr/local/lib/python3.11/site-packages/scipy.libs/libgfortran-040039e1-0352e75f.so.5.0.0
[SCONE|WARN] src/shielding/shielded_syscall.c:1591:shielded_syscall_emulate_memory_mapping(): Emulating file memory mapping for /usr/local/lib/python3.11/site-packages/scipy.libs/libgfortran-040039e1-0352e75f.so.5.0.0
[SCONE|WARN] src/shielding/shielded_syscall.c:1591:shielded_syscall_emulate_memory_mapping(): Emulating file memory mapping for /usr/local/lib/python3.11/site-packages/scipy.libs/libgfortran-040039e1-0352e75f.so.5.0.0
[SCONE|WARN] src/shielding/shielded_syscall.c:1591:shielded_syscall_emulate_memory_mapping(): Emulating file memory mapping for /usr/local/lib/python3.11/site-packages/scipy.libs/libgfortran-040039e1-0352e75f.so.5.0.0
[SCONE|WARN] src/shielding/shielded_syscall.c:1591:shielded_syscall_emulate_memory_mapping(): Emulating file memory mapping for /usr/local/lib/python3.11/site-packages/scipy.libs/libquadmath-828275a7.so.0.0.0
[SCONE|WARN] src/shielding/shielded_syscall.c:1591:shielded_syscall_emulate_memory_mapping(): Emulating file memory mapping for /usr/local/lib/python3.11/site-packages/scipy.libs/libquadmath-828275a7.so.0.0.0
[SCONE|WARN] src/shielding/shielded_syscall.c:1591:shielded_syscall_emulate_memory_mapping(): Emulating file memory mapping for /usr/local/lib/python3.11/site-packages/scipy.libs/libquadmath-828275a7.so.0.0.0
[SCONE|WARN] src/shielding/shielded_syscall.c:1591:shielded_syscall_emulate_memory_mapping(): Emulating file memory mapping for /usr/local/lib/python3.11/site-packages/scipy.libs/libquadmath-96973f99-934c22de.so.0.0.0
[SCONE|WARN] src/shielding/shielded_syscall.c:1591:shielded_syscall_emulate_memory_mapping(): Emulating file memory mapping for /usr/local/lib/python3.11/site-packages/scipy.libs/libquadmath-96973f99-934c22de.so.0.0.0
[SCONE|WARN] src/shielding/shielded_syscall.c:1591:shielded_syscall_emulate_memory_mapping(): Emulating file memory mapping for /usr/local/lib/python3.11/site-packages/scipy.libs/libquadmath-96973f99-934c22de.so.0.0.0
[SCONE|WARN] src/shielding/shielded_syscall.c:1591:shielded_syscall_emulate_memory_mapping(): Emulating file memory mapping for /usr/local/lib/python3.11/site-packages/scipy.libs/libquadmath-96973f99-934c22de.so.0.0.0
[SCONE|WARN] src/syscall/syscall.c:32:__scone_ni_syscall(): system call: mbind, number 237 is not supported
[SCONE|WARN] src/syscall/syscall.c:32:__scone_ni_syscall(): system call: mbind, number 237 is not supported
[SCONE|WARN] src/syscall/syscall.c:32:__scone_ni_syscall(): system call: mbind, number 237 is not supported
[SCONE|WARN] src/syscall/syscall.c:32:__scone_ni_syscall(): system call: mbind, number 237 is not supported
[SCONE|WARN] src/shielding/shielded_syscall.c:1591:shielded_syscall_emulate_memory_mapping(): Emulating file memory mapping for /usr/local/lib/python3.11/site-packages/scipy/linalg/_flapack.cpython-311-x86_64-linux-gnu.so
[SCONE|WARN] src/shielding/shielded_syscall.c:1591:shielded_syscall_emulate_memory_mapping(): Emulating file memory mapping for /usr/local/lib/python3.11/site-packages/scipy/linalg/_flapack.cpython-311-x86_64-linux-gnu.so
[SCONE|WARN] src/shielding/shielded_syscall.c:1591:shielded_syscall_emulate_memory_mapping(): Emulating file memory mapping for /usr/local/lib/python3.11/site-packages/scipy/linalg/_flapack.cpython-311-x86_64-linux-gnu.so
[SCONE|WARN] src/shielding/shielded_syscall.c:1591:shielded_syscall_emulate_memory_mapping(): Emulating file memory mapping for /usr/local/lib/python3.11/site-packages/scipy/linalg/_flapack.cpython-311-x86_64-linux-gnu.so
[SCONE|WARN] src/shielding/shielded_syscall.c:1591:shielded_syscall_emulate_memory_mapping(): Emulating file memory mapping for /usr/local/lib/python3.11/site-packages/scipy/linalg/_flapack.cpython-311-x86_64-linux-gnu.so
[SCONE|WARN] src/shielding/shielded_syscall.c:1591:shielded_syscall_emulate_memory_mapping(): Emulating file memory mapping for /usr/local/lib/python3.11/site-packages/scipy/linalg/_flapack.cpython-311-x86_64-linux-gnu.so
[SCONE|WARN] src/shielding/shielded_syscall.c:1591:shielded_syscall_emulate_memory_mapping(): Emulating file memory mapping for /usr/local/lib/python3.11/site-packages/scipy/linalg/_cythonized_array_utils.cpython-311-x86_64-linux-gnu.so
[SCONE|WARN] src/shielding/shielded_syscall.c:1591:shielded_syscall_emulate_memory_mapping(): Emulating file memory mapping for /usr/local/lib/python3.11/site-packages/scipy/linalg/_cythonized_array_utils.cpython-311-x86_64-linux-gnu.so
[SCONE|WARN] src/shielding/shielded_syscall.c:1591:shielded_syscall_emulate_memory_mapping(): Emulating file memory mapping for /usr/local/lib/python3.11/site-packages/scipy/linalg/_cythonized_array_utils.cpython-311-x86_64-linux-gnu.so
[SCONE|WARN] src/shielding/shielded_syscall.c:1591:shielded_syscall_emulate_memory_mapping(): Emulating file memory mapping for /usr/local/lib/python3.11/site-packages/scipy/linalg/_cythonized_array_utils.cpython-311-x86_64-linux-gnu.so
[SCONE|WARN] src/shielding/shielded_syscall.c:1591:shielded_syscall_emulate_memory_mapping(): Emulating file memory mapping for /usr/local/lib/python3.11/site-packages/scipy/linalg/cython_lapack.cpython-311-x86_64-linux-gnu.so
[SCONE|WARN] src/shielding/shielded_syscall.c:1591:shielded_syscall_emulate_memory_mapping(): Emulating file memory mapping for /usr/local/lib/python3.11/site-packages/scipy/linalg/cython_lapack.cpython-311-x86_64-linux-gnu.so
[SCONE|WARN] src/shielding/shielded_syscall.c:1591:shielded_syscall_emulate_memory_mapping(): Emulating file memory mapping for /usr/local/lib/python3.11/site-packages/scipy/linalg/cython_lapack.cpython-311-x86_64-linux-gnu.so
[SCONE|WARN] src/shielding/shielded_syscall.c:1591:shielded_syscall_emulate_memory_mapping(): Emulating file memory mapping for /usr/local/lib/python3.11/site-packages/scipy/linalg/cython_lapack.cpython-311-x86_64-linux-gnu.so
[SCONE|WARN] src/shielding/shielded_syscall.c:1591:shielded_syscall_emulate_memory_mapping(): Emulating file memory mapping for /usr/local/lib/python3.11/site-packages/scipy/linalg/cython_lapack.cpython-311-x86_64-linux-gnu.so
[SCONE|WARN] src/shielding/shielded_syscall.c:1591:shielded_syscall_emulate_memory_mapping(): Emulating file memory mapping for /usr/local/lib/python3.11/site-packages/scipy/linalg/cython_lapack.cpython-311-x86_64-linux-gnu.so
[SCONE|WARN] src/syscall/fork.c:68:syscall_SYS_fork(): Fork is disabled. Set SCONE_FORK=1 to enable it. Returning ENOSYS to the application
[SCONE|WARN] src/syscall/fork.c:68:syscall_SYS_fork(): Fork is disabled. Set SCONE_FORK=1 to enable it. Returning ENOSYS to the application
[SCONE|WARN] src/shielding/shielded_syscall.c:1591:shielded_syscall_emulate_memory_mapping(): Emulating file memory mapping for /usr/local/lib/python3.11/site-packages/scipy/linalg/_solve_toeplitz.cpython-311-x86_64-linux-gnu.so
[SCONE|WARN] src/shielding/shielded_syscall.c:1591:shielded_syscall_emulate_memory_mapping(): Emulating file memory mapping for /usr/local/lib/python3.11/site-packages/scipy/linalg/_solve_toeplitz.cpython-311-x86_64-linux-gnu.so
[SCONE|WARN] src/shielding/shielded_syscall.c:1591:shielded_syscall_emulate_memory_mapping(): Emulating file memory mapping for /usr/local/lib/python3.11/site-packages/scipy/linalg/_solve_toeplitz.cpython-311-x86_64-linux-gnu.so
[SCONE|WARN] src/shielding/shielded_syscall.c:1591:shielded_syscall_emulate_memory_mapping(): Emulating file memory mapping for /usr/local/lib/python3.11/site-packages/scipy/linalg/_solve_toeplitz.cpython-311-x86_64-linux-gnu.so
[SCONE|WARN] src/shielding/shielded_syscall.c:1591:shielded_syscall_emulate_memory_mapping(): Emulating file memory mapping for /usr/local/lib/python3.11/site-packages/scipy/linalg/_batched_linalg.cpython-311-x86_64-linux-gnu.so
[SCONE|WARN] src/shielding/shielded_syscall.c:1591:shielded_syscall_emulate_memory_mapping(): Emulating file memory mapping for /usr/local/lib/python3.11/site-packages/scipy/linalg/_batched_linalg.cpython-311-x86_64-linux-gnu.so
[SCONE|WARN] src/shielding/shielded_syscall.c:1591:shielded_syscall_emulate_memory_mapping(): Emulating file memory mapping for /usr/local/lib/python3.11/site-packages/scipy/linalg/_batched_linalg.cpython-311-x86_64-linux-gnu.so
[SCONE|WARN] src/shielding/shielded_syscall.c:1591:shielded_syscall_emulate_memory_mapping(): Emulating file memory mapping for /usr/local/lib/python3.11/site-packages/scipy/linalg/_batched_linalg.cpython-311-x86_64-linux-gnu.so
[SCONE|WARN] src/shielding/shielded_syscall.c:1591:shielded_syscall_emulate_memory_mapping(): Emulating file memory mapping for /usr/local/lib/python3.11/site-packages/scipy/linalg/_batched_linalg.cpython-311-x86_64-linux-gnu.so
[SCONE|WARN] src/shielding/shielded_syscall.c:1591:shielded_syscall_emulate_memory_mapping(): Emulating file memory mapping for /usr/local/lib/python3.11/site-packages/scipy/linalg/_batched_linalg.cpython-311-x86_64-linux-gnu.so
[SCONE|WARN] src/shielding/shielded_syscall.c:1591:shielded_syscall_emulate_memory_mapping(): Emulating file memory mapping for /usr/local/lib/python3.11/site-packages/scipy/linalg/_decomp_lu_cython.cpython-311-x86_64-linux-gnu.so
[SCONE|WARN] src/shielding/shielded_syscall.c:1591:shielded_syscall_emulate_memory_mapping(): Emulating file memory mapping for /usr/local/lib/python3.11/site-packages/scipy/linalg/_decomp_lu_cython.cpython-311-x86_64-linux-gnu.so
[SCONE|WARN] src/shielding/shielded_syscall.c:1591:shielded_syscall_emulate_memory_mapping(): Emulating file memory mapping for /usr/local/lib/python3.11/site-packages/scipy/linalg/_decomp_lu_cython.cpython-311-x86_64-linux-gnu.so
[SCONE|WARN] src/shielding/shielded_syscall.c:1591:shielded_syscall_emulate_memory_mapping(): Emulating file memory mapping for /usr/local/lib/python3.11/site-packages/scipy/linalg/_decomp_lu_cython.cpython-311-x86_64-linux-gnu.so
[SCONE|WARN] src/shielding/shielded_syscall.c:1591:shielded_syscall_emulate_memory_mapping(): Emulating file memory mapping for /usr/local/lib/python3.11/site-packages/scipy/linalg/_matfuncs_schur_sqrtm.cpython-311-x86_64-linux-gnu.so
[SCONE|WARN] src/shielding/shielded_syscall.c:1591:shielded_syscall_emulate_memory_mapping(): Emulating file memory mapping for /usr/local/lib/python3.11/site-packages/scipy/linalg/_matfuncs_schur_sqrtm.cpython-311-x86_64-linux-gnu.so
[SCONE|WARN] src/shielding/shielded_syscall.c:1591:shielded_syscall_emulate_memory_mapping(): Emulating file memory mapping for /usr/local/lib/python3.11/site-packages/scipy/linalg/_matfuncs_schur_sqrtm.cpython-311-x86_64-linux-gnu.so
[SCONE|WARN] src/shielding/shielded_syscall.c:1591:shielded_syscall_emulate_memory_mapping(): Emulating file memory mapping for /usr/local/lib/python3.11/site-packages/scipy/linalg/_matfuncs_schur_sqrtm.cpython-311-x86_64-linux-gnu.so
[SCONE|WARN] src/shielding/shielded_syscall.c:1591:shielded_syscall_emulate_memory_mapping(): Emulating file memory mapping for /usr/local/lib/python3.11/site-packages/scipy/linalg/_matfuncs_schur_sqrtm.cpython-311-x86_64-linux-gnu.so
[SCONE|WARN] src/shielding/shielded_syscall.c:1591:shielded_syscall_emulate_memory_mapping(): Emulating file memory mapping for /usr/local/lib/python3.11/site-packages/scipy/linalg/_matfuncs_schur_sqrtm.cpython-311-x86_64-linux-gnu.so
[SCONE|WARN] src/shielding/shielded_syscall.c:1591:shielded_syscall_emulate_memory_mapping(): Emulating file memory mapping for /usr/local/lib/python3.11/site-packages/scipy/linalg/_matfuncs_expm.cpython-311-x86_64-linux-gnu.so
[SCONE|WARN] src/shielding/shielded_syscall.c:1591:shielded_syscall_emulate_memory_mapping(): Emulating file memory mapping for /usr/local/lib/python3.11/site-packages/scipy/linalg/_matfuncs_expm.cpython-311-x86_64-linux-gnu.so
[SCONE|WARN] src/shielding/shielded_syscall.c:1591:shielded_syscall_emulate_memory_mapping(): Emulating file memory mapping for /usr/local/lib/python3.11/site-packages/scipy/linalg/_matfuncs_expm.cpython-311-x86_64-linux-gnu.so
[SCONE|WARN] src/shielding/shielded_syscall.c:1591:shielded_syscall_emulate_memory_mapping(): Emulating file memory mapping for /usr/local/lib/python3.11/site-packages/scipy/linalg/_matfuncs_expm.cpython-311-x86_64-linux-gnu.so
[SCONE|WARN] src/shielding/shielded_syscall.c:1591:shielded_syscall_emulate_memory_mapping(): Emulating file memory mapping for /usr/local/lib/python3.11/site-packages/scipy/linalg/_matfuncs_expm.cpython-311-x86_64-linux-gnu.so
[SCONE|WARN] src/shielding/shielded_syscall.c:1591:shielded_syscall_emulate_memory_mapping(): Emulating file memory mapping for /usr/local/lib/python3.11/site-packages/scipy/linalg/_matfuncs_expm.cpython-311-x86_64-linux-gnu.so
[SCONE|WARN] src/shielding/shielded_syscall.c:1591:shielded_syscall_emulate_memory_mapping(): Emulating file memory mapping for /usr/local/lib/python3.11/site-packages/scipy/linalg/_linalg_pythran.cpython-311-x86_64-linux-gnu.so
[SCONE|WARN] src/shielding/shielded_syscall.c:1591:shielded_syscall_emulate_memory_mapping(): Emulating file memory mapping for /usr/local/lib/python3.11/site-packages/scipy/linalg/_linalg_pythran.cpython-311-x86_64-linux-gnu.so
[SCONE|WARN] src/shielding/shielded_syscall.c:1591:shielded_syscall_emulate_memory_mapping(): Emulating file memory mapping for /usr/local/lib/python3.11/site-packages/scipy/linalg/_linalg_pythran.cpython-311-x86_64-linux-gnu.so
[SCONE|WARN] src/shielding/shielded_syscall.c:1591:shielded_syscall_emulate_memory_mapping(): Emulating file memory mapping for /usr/local/lib/python3.11/site-packages/scipy/linalg/_linalg_pythran.cpython-311-x86_64-linux-gnu.so
[SCONE|WARN] src/shielding/shielded_syscall.c:1591:shielded_syscall_emulate_memory_mapping(): Emulating file memory mapping for /usr/local/lib/python3.11/site-packages/scipy/linalg/_decomp_update.cpython-311-x86_64-linux-gnu.so
[SCONE|WARN] src/shielding/shielded_syscall.c:1591:shielded_syscall_emulate_memory_mapping(): Emulating file memory mapping for /usr/local/lib/python3.11/site-packages/scipy/linalg/_decomp_update.cpython-311-x86_64-linux-gnu.so
[SCONE|WARN] src/shielding/shielded_syscall.c:1591:shielded_syscall_emulate_memory_mapping(): Emulating file memory mapping for /usr/local/lib/python3.11/site-packages/scipy/linalg/_decomp_update.cpython-311-x86_64-linux-gnu.so
[SCONE|WARN] src/shielding/shielded_syscall.c:1591:shielded_syscall_emulate_memory_mapping(): Emulating file memory mapping for /usr/local/lib/python3.11/site-packages/scipy/linalg/_decomp_update.cpython-311-x86_64-linux-gnu.so
[SCONE|WARN] src/shielding/shielded_syscall.c:1591:shielded_syscall_emulate_memory_mapping(): Emulating file memory mapping for /usr/local/lib/python3.11/site-packages/scipy/linalg/cython_blas.cpython-311-x86_64-linux-gnu.so
[SCONE|WARN] src/shielding/shielded_syscall.c:1591:shielded_syscall_emulate_memory_mapping(): Emulating file memory mapping for /usr/local/lib/python3.11/site-packages/scipy/linalg/cython_blas.cpython-311-x86_64-linux-gnu.so
[SCONE|WARN] src/shielding/shielded_syscall.c:1591:shielded_syscall_emulate_memory_mapping(): Emulating file memory mapping for /usr/local/lib/python3.11/site-packages/scipy/linalg/cython_blas.cpython-311-x86_64-linux-gnu.so
[SCONE|WARN] src/shielding/shielded_syscall.c:1591:shielded_syscall_emulate_memory_mapping(): Emulating file memory mapping for /usr/local/lib/python3.11/site-packages/scipy/linalg/cython_blas.cpython-311-x86_64-linux-gnu.so
[SCONE|WARN] src/shielding/shielded_syscall.c:1591:shielded_syscall_emulate_memory_mapping(): Emulating file memory mapping for /usr/local/lib/python3.11/site-packages/scipy/linalg/cython_blas.cpython-311-x86_64-linux-gnu.so
[SCONE|WARN] src/shielding/shielded_syscall.c:1591:shielded_syscall_emulate_memory_mapping(): Emulating file memory mapping for /usr/local/lib/python3.11/site-packages/scipy/linalg/cython_blas.cpython-311-x86_64-linux-gnu.so
[SCONE|WARN] src/shielding/shielded_syscall.c:1591:shielded_syscall_emulate_memory_mapping(): Emulating file memory mapping for /usr/local/lib/python3.11/site-packages/scipy/sparse/_sparsetools.cpython-311-x86_64-linux-gnu.so
[SCONE|WARN] src/shielding/shielded_syscall.c:1591:shielded_syscall_emulate_memory_mapping(): Emulating file memory mapping for /usr/local/lib/python3.11/site-packages/scipy/sparse/_sparsetools.cpython-311-x86_64-linux-gnu.so
[SCONE|WARN] src/shielding/shielded_syscall.c:1591:shielded_syscall_emulate_memory_mapping(): Emulating file memory mapping for /usr/local/lib/python3.11/site-packages/scipy/sparse/_sparsetools.cpython-311-x86_64-linux-gnu.so
[SCONE|WARN] src/shielding/shielded_syscall.c:1591:shielded_syscall_emulate_memory_mapping(): Emulating file memory mapping for /usr/local/lib/python3.11/site-packages/scipy/sparse/_sparsetools.cpython-311-x86_64-linux-gnu.so
[SCONE|WARN] src/shielding/shielded_syscall.c:1591:shielded_syscall_emulate_memory_mapping(): Emulating file memory mapping for /usr/local/lib/python3.11/site-packages/scipy/sparse/_csparsetools.cpython-311-x86_64-linux-gnu.so
[SCONE|WARN] src/shielding/shielded_syscall.c:1591:shielded_syscall_emulate_memory_mapping(): Emulating file memory mapping for /usr/local/lib/python3.11/site-packages/scipy/sparse/_csparsetools.cpython-311-x86_64-linux-gnu.so
[SCONE|WARN] src/shielding/shielded_syscall.c:1591:shielded_syscall_emulate_memory_mapping(): Emulating file memory mapping for /usr/local/lib/python3.11/site-packages/scipy/sparse/_csparsetools.cpython-311-x86_64-linux-gnu.so
[SCONE|WARN] src/shielding/shielded_syscall.c:1591:shielded_syscall_emulate_memory_mapping(): Emulating file memory mapping for /usr/local/lib/python3.11/site-packages/scipy/sparse/_csparsetools.cpython-311-x86_64-linux-gnu.so
[SCONE|WARN] src/shielding/shielded_syscall.c:1591:shielded_syscall_emulate_memory_mapping(): Emulating file memory mapping for /usr/local/lib/python3.11/site-packages/scipy/sparse/linalg/_dsolve/_superlu.cpython-311-x86_64-linux-gnu.so
[SCONE|WARN] src/shielding/shielded_syscall.c:1591:shielded_syscall_emulate_memory_mapping(): Emulating file memory mapping for /usr/local/lib/python3.11/site-packages/scipy/sparse/linalg/_dsolve/_superlu.cpython-311-x86_64-linux-gnu.so
[SCONE|WARN] src/shielding/shielded_syscall.c:1591:shielded_syscall_emulate_memory_mapping(): Emulating file memory mapping for /usr/local/lib/python3.11/site-packages/scipy/sparse/linalg/_dsolve/_superlu.cpython-311-x86_64-linux-gnu.so
[SCONE|WARN] src/shielding/shielded_syscall.c:1591:shielded_syscall_emulate_memory_mapping(): Emulating file memory mapping for /usr/local/lib/python3.11/site-packages/scipy/sparse/linalg/_dsolve/_superlu.cpython-311-x86_64-linux-gnu.so
[SCONE|WARN] src/shielding/shielded_syscall.c:1591:shielded_syscall_emulate_memory_mapping(): Emulating file memory mapping for /usr/local/lib/python3.11/site-packages/scipy/sparse/linalg/_dsolve/_superlu.cpython-311-x86_64-linux-gnu.so
[SCONE|WARN] src/shielding/shielded_syscall.c:1591:shielded_syscall_emulate_memory_mapping(): Emulating file memory mapping for /usr/local/lib/python3.11/site-packages/scipy/sparse/linalg/_dsolve/_superlu.cpython-311-x86_64-linux-gnu.so
[SCONE|WARN] src/shielding/shielded_syscall.c:1591:shielded_syscall_emulate_memory_mapping(): Emulating file memory mapping for /usr/local/lib/python3.11/site-packages/scipy/sparse/linalg/_eigen/arpack/_arpacklib.cpython-311-x86_64-linux-gnu.so
[SCONE|WARN] src/shielding/shielded_syscall.c:1591:shielded_syscall_emulate_memory_mapping(): Emulating file memory mapping for /usr/local/lib/python3.11/site-packages/scipy/sparse/linalg/_eigen/arpack/_arpacklib.cpython-311-x86_64-linux-gnu.so
[SCONE|WARN] src/shielding/shielded_syscall.c:1591:shielded_syscall_emulate_memory_mapping(): Emulating file memory mapping for /usr/local/lib/python3.11/site-packages/scipy/sparse/linalg/_eigen/arpack/_arpacklib.cpython-311-x86_64-linux-gnu.so
[SCONE|WARN] src/shielding/shielded_syscall.c:1591:shielded_syscall_emulate_memory_mapping(): Emulating file memory mapping for /usr/local/lib/python3.11/site-packages/scipy/sparse/linalg/_eigen/arpack/_arpacklib.cpython-311-x86_64-linux-gnu.so
[SCONE|WARN] src/shielding/shielded_syscall.c:1591:shielded_syscall_emulate_memory_mapping(): Emulating file memory mapping for /usr/local/lib/python3.11/site-packages/scipy/sparse/linalg/_eigen/arpack/_arpacklib.cpython-311-x86_64-linux-gnu.so
[SCONE|WARN] src/shielding/shielded_syscall.c:1591:shielded_syscall_emulate_memory_mapping(): Emulating file memory mapping for /usr/local/lib/python3.11/site-packages/scipy/sparse/linalg/_eigen/arpack/_arpacklib.cpython-311-x86_64-linux-gnu.so
[SCONE|WARN] src/shielding/shielded_syscall.c:1591:shielded_syscall_emulate_memory_mapping(): Emulating file memory mapping for /usr/local/lib/python3.11/site-packages/scipy/sparse/linalg/_propack.cpython-311-x86_64-linux-gnu.so
[SCONE|WARN] src/shielding/shielded_syscall.c:1591:shielded_syscall_emulate_memory_mapping(): Emulating file memory mapping for /usr/local/lib/python3.11/site-packages/scipy/sparse/linalg/_propack.cpython-311-x86_64-linux-gnu.so
[SCONE|WARN] src/shielding/shielded_syscall.c:1591:shielded_syscall_emulate_memory_mapping(): Emulating file memory mapping for /usr/local/lib/python3.11/site-packages/scipy/sparse/linalg/_propack.cpython-311-x86_64-linux-gnu.so
[SCONE|WARN] src/shielding/shielded_syscall.c:1591:shielded_syscall_emulate_memory_mapping(): Emulating file memory mapping for /usr/local/lib/python3.11/site-packages/scipy/sparse/linalg/_propack.cpython-311-x86_64-linux-gnu.so
[SCONE|WARN] src/shielding/shielded_syscall.c:1591:shielded_syscall_emulate_memory_mapping(): Emulating file memory mapping for /usr/local/lib/python3.11/site-packages/scipy/sparse/linalg/_propack.cpython-311-x86_64-linux-gnu.so
[SCONE|WARN] src/shielding/shielded_syscall.c:1591:shielded_syscall_emulate_memory_mapping(): Emulating file memory mapping for /usr/local/lib/python3.11/site-packages/scipy/sparse/linalg/_propack.cpython-311-x86_64-linux-gnu.so
[SCONE|WARN] src/shielding/shielded_syscall.c:1591:shielded_syscall_emulate_memory_mapping(): Emulating file memory mapping for /usr/local/lib/python3.11/site-packages/scipy/optimize/_group_columns.cpython-311-x86_64-linux-gnu.so
[SCONE|WARN] src/shielding/shielded_syscall.c:1591:shielded_syscall_emulate_memory_mapping(): Emulating file memory mapping for /usr/local/lib/python3.11/site-packages/scipy/optimize/_group_columns.cpython-311-x86_64-linux-gnu.so
[SCONE|WARN] src/shielding/shielded_syscall.c:1591:shielded_syscall_emulate_memory_mapping(): Emulating file memory mapping for /usr/local/lib/python3.11/site-packages/scipy/optimize/_group_columns.cpython-311-x86_64-linux-gnu.so
[SCONE|WARN] src/shielding/shielded_syscall.c:1591:shielded_syscall_emulate_memory_mapping(): Emulating file memory mapping for /usr/local/lib/python3.11/site-packages/scipy/optimize/_group_columns.cpython-311-x86_64-linux-gnu.so
[SCONE|WARN] src/shielding/shielded_syscall.c:1591:shielded_syscall_emulate_memory_mapping(): Emulating file memory mapping for /usr/local/lib/python3.11/site-packages/scipy/optimize/_trlib/_trlib.cpython-311-x86_64-linux-gnu.so
[SCONE|WARN] src/shielding/shielded_syscall.c:1591:shielded_syscall_emulate_memory_mapping(): Emulating file memory mapping for /usr/local/lib/python3.11/site-packages/scipy/optimize/_trlib/_trlib.cpython-311-x86_64-linux-gnu.so
[SCONE|WARN] src/shielding/shielded_syscall.c:1591:shielded_syscall_emulate_memory_mapping(): Emulating file memory mapping for /usr/local/lib/python3.11/site-packages/scipy/optimize/_trlib/_trlib.cpython-311-x86_64-linux-gnu.so
[SCONE|WARN] src/shielding/shielded_syscall.c:1591:shielded_syscall_emulate_memory_mapping(): Emulating file memory mapping for /usr/local/lib/python3.11/site-packages/scipy/optimize/_trlib/_trlib.cpython-311-x86_64-linux-gnu.so
[SCONE|WARN] src/shielding/shielded_syscall.c:1591:shielded_syscall_emulate_memory_mapping(): Emulating file memory mapping for /usr/local/lib/python3.11/site-packages/scipy/optimize/_trlib/_trlib.cpython-311-x86_64-linux-gnu.so
[SCONE|WARN] src/shielding/shielded_syscall.c:1591:shielded_syscall_emulate_memory_mapping(): Emulating file memory mapping for /usr/local/lib/python3.11/site-packages/scipy/optimize/_trlib/_trlib.cpython-311-x86_64-linux-gnu.so
[SCONE|WARN] src/shielding/shielded_syscall.c:1591:shielded_syscall_emulate_memory_mapping(): Emulating file memory mapping for /usr/local/lib/python3.11/site-packages/scipy/_lib/messagestream.cpython-311-x86_64-linux-gnu.so
[SCONE|WARN] src/shielding/shielded_syscall.c:1591:shielded_syscall_emulate_memory_mapping(): Emulating file memory mapping for /usr/local/lib/python3.11/site-packages/scipy/_lib/messagestream.cpython-311-x86_64-linux-gnu.so
[SCONE|WARN] src/shielding/shielded_syscall.c:1591:shielded_syscall_emulate_memory_mapping(): Emulating file memory mapping for /usr/local/lib/python3.11/site-packages/scipy/_lib/messagestream.cpython-311-x86_64-linux-gnu.so
[SCONE|WARN] src/shielding/shielded_syscall.c:1591:shielded_syscall_emulate_memory_mapping(): Emulating file memory mapping for /usr/local/lib/python3.11/site-packages/scipy/_lib/messagestream.cpython-311-x86_64-linux-gnu.so
[SCONE|WARN] src/shielding/shielded_syscall.c:1591:shielded_syscall_emulate_memory_mapping(): Emulating file memory mapping for /usr/local/lib/python3.11/site-packages/scipy/optimize/_lbfgsb.cpython-311-x86_64-linux-gnu.so
[SCONE|WARN] src/shielding/shielded_syscall.c:1591:shielded_syscall_emulate_memory_mapping(): Emulating file memory mapping for /usr/local/lib/python3.11/site-packages/scipy/optimize/_lbfgsb.cpython-311-x86_64-linux-gnu.so
[SCONE|WARN] src/shielding/shielded_syscall.c:1591:shielded_syscall_emulate_memory_mapping(): Emulating file memory mapping for /usr/local/lib/python3.11/site-packages/scipy/optimize/_lbfgsb.cpython-311-x86_64-linux-gnu.so
[SCONE|WARN] src/shielding/shielded_syscall.c:1591:shielded_syscall_emulate_memory_mapping(): Emulating file memory mapping for /usr/local/lib/python3.11/site-packages/scipy/optimize/_lbfgsb.cpython-311-x86_64-linux-gnu.so
[SCONE|WARN] src/shielding/shielded_syscall.c:1591:shielded_syscall_emulate_memory_mapping(): Emulating file memory mapping for /usr/local/lib/python3.11/site-packages/scipy/optimize/_lbfgsb.cpython-311-x86_64-linux-gnu.so
[SCONE|WARN] src/shielding/shielded_syscall.c:1591:shielded_syscall_emulate_memory_mapping(): Emulating file memory mapping for /usr/local/lib/python3.11/site-packages/scipy/optimize/_lbfgsb.cpython-311-x86_64-linux-gnu.so
[SCONE|WARN] src/shielding/shielded_syscall.c:1591:shielded_syscall_emulate_memory_mapping(): Emulating file memory mapping for /usr/local/lib/python3.11/site-packages/scipy/optimize/_moduleTNC.cpython-311-x86_64-linux-gnu.so
[SCONE|WARN] src/shielding/shielded_syscall.c:1591:shielded_syscall_emulate_memory_mapping(): Emulating file memory mapping for /usr/local/lib/python3.11/site-packages/scipy/optimize/_moduleTNC.cpython-311-x86_64-linux-gnu.so
[SCONE|WARN] src/shielding/shielded_syscall.c:1591:shielded_syscall_emulate_memory_mapping(): Emulating file memory mapping for /usr/local/lib/python3.11/site-packages/scipy/optimize/_moduleTNC.cpython-311-x86_64-linux-gnu.so
[SCONE|WARN] src/shielding/shielded_syscall.c:1591:shielded_syscall_emulate_memory_mapping(): Emulating file memory mapping for /usr/local/lib/python3.11/site-packages/scipy/optimize/_moduleTNC.cpython-311-x86_64-linux-gnu.so
[SCONE|WARN] src/shielding/shielded_syscall.c:1591:shielded_syscall_emulate_memory_mapping(): Emulating file memory mapping for /usr/local/lib/python3.11/site-packages/scipy/optimize/_slsqplib.cpython-311-x86_64-linux-gnu.so
[SCONE|WARN] src/shielding/shielded_syscall.c:1591:shielded_syscall_emulate_memory_mapping(): Emulating file memory mapping for /usr/local/lib/python3.11/site-packages/scipy/optimize/_slsqplib.cpython-311-x86_64-linux-gnu.so
[SCONE|WARN] src/shielding/shielded_syscall.c:1591:shielded_syscall_emulate_memory_mapping(): Emulating file memory mapping for /usr/local/lib/python3.11/site-packages/scipy/optimize/_slsqplib.cpython-311-x86_64-linux-gnu.so
[SCONE|WARN] src/shielding/shielded_syscall.c:1591:shielded_syscall_emulate_memory_mapping(): Emulating file memory mapping for /usr/local/lib/python3.11/site-packages/scipy/optimize/_slsqplib.cpython-311-x86_64-linux-gnu.so
[SCONE|WARN] src/shielding/shielded_syscall.c:1591:shielded_syscall_emulate_memory_mapping(): Emulating file memory mapping for /usr/local/lib/python3.11/site-packages/scipy/optimize/_slsqplib.cpython-311-x86_64-linux-gnu.so
[SCONE|WARN] src/shielding/shielded_syscall.c:1591:shielded_syscall_emulate_memory_mapping(): Emulating file memory mapping for /usr/local/lib/python3.11/site-packages/scipy/optimize/_slsqplib.cpython-311-x86_64-linux-gnu.so
[SCONE|WARN] src/shielding/shielded_syscall.c:1591:shielded_syscall_emulate_memory_mapping(): Emulating file memory mapping for /usr/local/lib/python3.11/site-packages/scipy/optimize/_minpack.cpython-311-x86_64-linux-gnu.so
[SCONE|WARN] src/shielding/shielded_syscall.c:1591:shielded_syscall_emulate_memory_mapping(): Emulating file memory mapping for /usr/local/lib/python3.11/site-packages/scipy/optimize/_minpack.cpython-311-x86_64-linux-gnu.so
[SCONE|WARN] src/shielding/shielded_syscall.c:1591:shielded_syscall_emulate_memory_mapping(): Emulating file memory mapping for /usr/local/lib/python3.11/site-packages/scipy/optimize/_minpack.cpython-311-x86_64-linux-gnu.so
[SCONE|WARN] src/shielding/shielded_syscall.c:1591:shielded_syscall_emulate_memory_mapping(): Emulating file memory mapping for /usr/local/lib/python3.11/site-packages/scipy/optimize/_minpack.cpython-311-x86_64-linux-gnu.so
[SCONE|WARN] src/shielding/shielded_syscall.c:1591:shielded_syscall_emulate_memory_mapping(): Emulating file memory mapping for /usr/local/lib/python3.11/site-packages/scipy/optimize/_lsq/givens_elimination.cpython-311-x86_64-linux-gnu.so
[SCONE|WARN] src/shielding/shielded_syscall.c:1591:shielded_syscall_emulate_memory_mapping(): Emulating file memory mapping for /usr/local/lib/python3.11/site-packages/scipy/optimize/_lsq/givens_elimination.cpython-311-x86_64-linux-gnu.so
[SCONE|WARN] src/shielding/shielded_syscall.c:1591:shielded_syscall_emulate_memory_mapping(): Emulating file memory mapping for /usr/local/lib/python3.11/site-packages/scipy/optimize/_lsq/givens_elimination.cpython-311-x86_64-linux-gnu.so
[SCONE|WARN] src/shielding/shielded_syscall.c:1591:shielded_syscall_emulate_memory_mapping(): Emulating file memory mapping for /usr/local/lib/python3.11/site-packages/scipy/optimize/_lsq/givens_elimination.cpython-311-x86_64-linux-gnu.so
[SCONE|WARN] src/shielding/shielded_syscall.c:1591:shielded_syscall_emulate_memory_mapping(): Emulating file memory mapping for /usr/local/lib/python3.11/site-packages/scipy/optimize/_zeros.cpython-311-x86_64-linux-gnu.so
[SCONE|WARN] src/shielding/shielded_syscall.c:1591:shielded_syscall_emulate_memory_mapping(): Emulating file memory mapping for /usr/local/lib/python3.11/site-packages/scipy/optimize/_zeros.cpython-311-x86_64-linux-gnu.so
[SCONE|WARN] src/shielding/shielded_syscall.c:1591:shielded_syscall_emulate_memory_mapping(): Emulating file memory mapping for /usr/local/lib/python3.11/site-packages/scipy/optimize/_zeros.cpython-311-x86_64-linux-gnu.so
[SCONE|WARN] src/shielding/shielded_syscall.c:1591:shielded_syscall_emulate_memory_mapping(): Emulating file memory mapping for /usr/local/lib/python3.11/site-packages/scipy/optimize/_zeros.cpython-311-x86_64-linux-gnu.so
[SCONE|WARN] src/shielding/shielded_syscall.c:1591:shielded_syscall_emulate_memory_mapping(): Emulating file memory mapping for /usr/local/lib/python3.11/site-packages/scipy/optimize/_highspy/_core.cpython-311-x86_64-linux-gnu.so
[SCONE|WARN] src/shielding/shielded_syscall.c:1591:shielded_syscall_emulate_memory_mapping(): Emulating file memory mapping for /usr/local/lib/python3.11/site-packages/scipy/optimize/_highspy/_core.cpython-311-x86_64-linux-gnu.so
[SCONE|WARN] src/shielding/shielded_syscall.c:1591:shielded_syscall_emulate_memory_mapping(): Emulating file memory mapping for /usr/local/lib/python3.11/site-packages/scipy/optimize/_highspy/_core.cpython-311-x86_64-linux-gnu.so
[SCONE|WARN] src/shielding/shielded_syscall.c:1591:shielded_syscall_emulate_memory_mapping(): Emulating file memory mapping for /usr/local/lib/python3.11/site-packages/scipy/optimize/_highspy/_core.cpython-311-x86_64-linux-gnu.so
[SCONE|WARN] src/shielding/shielded_syscall.c:1591:shielded_syscall_emulate_memory_mapping(): Emulating file memory mapping for /usr/local/lib/python3.11/site-packages/scipy/optimize/_highspy/_highs_options.cpython-311-x86_64-linux-gnu.so
[SCONE|WARN] src/shielding/shielded_syscall.c:1591:shielded_syscall_emulate_memory_mapping(): Emulating file memory mapping for /usr/local/lib/python3.11/site-packages/scipy/optimize/_highspy/_highs_options.cpython-311-x86_64-linux-gnu.so
[SCONE|WARN] src/shielding/shielded_syscall.c:1591:shielded_syscall_emulate_memory_mapping(): Emulating file memory mapping for /usr/local/lib/python3.11/site-packages/scipy/optimize/_highspy/_highs_options.cpython-311-x86_64-linux-gnu.so
[SCONE|WARN] src/shielding/shielded_syscall.c:1591:shielded_syscall_emulate_memory_mapping(): Emulating file memory mapping for /usr/local/lib/python3.11/site-packages/scipy/optimize/_highspy/_highs_options.cpython-311-x86_64-linux-gnu.so
[SCONE|WARN] src/shielding/shielded_syscall.c:1591:shielded_syscall_emulate_memory_mapping(): Emulating file memory mapping for /usr/local/lib/python3.11/site-packages/scipy/linalg/_decomp_interpolative.cpython-311-x86_64-linux-gnu.so
[SCONE|WARN] src/shielding/shielded_syscall.c:1591:shielded_syscall_emulate_memory_mapping(): Emulating file memory mapping for /usr/local/lib/python3.11/site-packages/scipy/linalg/_decomp_interpolative.cpython-311-x86_64-linux-gnu.so
[SCONE|WARN] src/shielding/shielded_syscall.c:1591:shielded_syscall_emulate_memory_mapping(): Emulating file memory mapping for /usr/local/lib/python3.11/site-packages/scipy/linalg/_decomp_interpolative.cpython-311-x86_64-linux-gnu.so
[SCONE|WARN] src/shielding/shielded_syscall.c:1591:shielded_syscall_emulate_memory_mapping(): Emulating file memory mapping for /usr/local/lib/python3.11/site-packages/scipy/linalg/_decomp_interpolative.cpython-311-x86_64-linux-gnu.so
[SCONE|WARN] src/shielding/shielded_syscall.c:1591:shielded_syscall_emulate_memory_mapping(): Emulating file memory mapping for /usr/local/lib/python3.11/site-packages/scipy/_lib/_uarray/_uarray.cpython-311-x86_64-linux-gnu.so
[SCONE|WARN] src/shielding/shielded_syscall.c:1591:shielded_syscall_emulate_memory_mapping(): Emulating file memory mapping for /usr/local/lib/python3.11/site-packages/scipy/_lib/_uarray/_uarray.cpython-311-x86_64-linux-gnu.so
[SCONE|WARN] src/shielding/shielded_syscall.c:1591:shielded_syscall_emulate_memory_mapping(): Emulating file memory mapping for /usr/local/lib/python3.11/site-packages/scipy/_lib/_uarray/_uarray.cpython-311-x86_64-linux-gnu.so
[SCONE|WARN] src/shielding/shielded_syscall.c:1591:shielded_syscall_emulate_memory_mapping(): Emulating file memory mapping for /usr/local/lib/python3.11/site-packages/scipy/_lib/_uarray/_uarray.cpython-311-x86_64-linux-gnu.so
[SCONE|WARN] src/shielding/shielded_syscall.c:1591:shielded_syscall_emulate_memory_mapping(): Emulating file memory mapping for /usr/local/lib/python3.11/site-packages/scipy/special/_ufuncs.cpython-311-x86_64-linux-gnu.so
[SCONE|WARN] src/shielding/shielded_syscall.c:1591:shielded_syscall_emulate_memory_mapping(): Emulating file memory mapping for /usr/local/lib/python3.11/site-packages/scipy/special/_ufuncs.cpython-311-x86_64-linux-gnu.so
[SCONE|WARN] src/shielding/shielded_syscall.c:1591:shielded_syscall_emulate_memory_mapping(): Emulating file memory mapping for /usr/local/lib/python3.11/site-packages/scipy/special/_ufuncs.cpython-311-x86_64-linux-gnu.so
[SCONE|WARN] src/shielding/shielded_syscall.c:1591:shielded_syscall_emulate_memory_mapping(): Emulating file memory mapping for /usr/local/lib/python3.11/site-packages/scipy/special/_ufuncs.cpython-311-x86_64-linux-gnu.so
[SCONE|WARN] src/shielding/shielded_syscall.c:1591:shielded_syscall_emulate_memory_mapping(): Emulating file memory mapping for /usr/local/lib/python3.11/site-packages/scipy/special/_ufuncs.cpython-311-x86_64-linux-gnu.so
[SCONE|WARN] src/shielding/shielded_syscall.c:1591:shielded_syscall_emulate_memory_mapping(): Emulating file memory mapping for /usr/local/lib/python3.11/site-packages/scipy/special/_ufuncs.cpython-311-x86_64-linux-gnu.so
[SCONE|WARN] src/shielding/shielded_syscall.c:1591:shielded_syscall_emulate_memory_mapping(): Emulating file memory mapping for /usr/local/lib/python3.11/site-packages/scipy/special/_ufuncs_cxx.cpython-311-x86_64-linux-gnu.so
[SCONE|WARN] src/shielding/shielded_syscall.c:1591:shielded_syscall_emulate_memory_mapping(): Emulating file memory mapping for /usr/local/lib/python3.11/site-packages/scipy/special/_ufuncs_cxx.cpython-311-x86_64-linux-gnu.so
[SCONE|WARN] src/shielding/shielded_syscall.c:1591:shielded_syscall_emulate_memory_mapping(): Emulating file memory mapping for /usr/local/lib/python3.11/site-packages/scipy/special/_ufuncs_cxx.cpython-311-x86_64-linux-gnu.so
[SCONE|WARN] src/shielding/shielded_syscall.c:1591:shielded_syscall_emulate_memory_mapping(): Emulating file memory mapping for /usr/local/lib/python3.11/site-packages/scipy/special/_ufuncs_cxx.cpython-311-x86_64-linux-gnu.so
[SCONE|WARN] src/shielding/shielded_syscall.c:1591:shielded_syscall_emulate_memory_mapping(): Emulating file memory mapping for /usr/local/lib/python3.11/site-packages/scipy/special/_ellip_harm_2.cpython-311-x86_64-linux-gnu.so
[SCONE|WARN] src/shielding/shielded_syscall.c:1591:shielded_syscall_emulate_memory_mapping(): Emulating file memory mapping for /usr/local/lib/python3.11/site-packages/scipy/special/_ellip_harm_2.cpython-311-x86_64-linux-gnu.so
[SCONE|WARN] src/shielding/shielded_syscall.c:1591:shielded_syscall_emulate_memory_mapping(): Emulating file memory mapping for /usr/local/lib/python3.11/site-packages/scipy/special/_ellip_harm_2.cpython-311-x86_64-linux-gnu.so
[SCONE|WARN] src/shielding/shielded_syscall.c:1591:shielded_syscall_emulate_memory_mapping(): Emulating file memory mapping for /usr/local/lib/python3.11/site-packages/scipy/special/_ellip_harm_2.cpython-311-x86_64-linux-gnu.so
[SCONE|WARN] src/shielding/shielded_syscall.c:1591:shielded_syscall_emulate_memory_mapping(): Emulating file memory mapping for /usr/local/lib/python3.11/site-packages/scipy/special/_ellip_harm_2.cpython-311-x86_64-linux-gnu.so
[SCONE|WARN] src/shielding/shielded_syscall.c:1591:shielded_syscall_emulate_memory_mapping(): Emulating file memory mapping for /usr/local/lib/python3.11/site-packages/scipy/special/_ellip_harm_2.cpython-311-x86_64-linux-gnu.so
[SCONE|WARN] src/shielding/shielded_syscall.c:1591:shielded_syscall_emulate_memory_mapping(): Emulating file memory mapping for /usr/local/lib/python3.11/site-packages/scipy/special/_special_ufuncs.cpython-311-x86_64-linux-gnu.so
[SCONE|WARN] src/shielding/shielded_syscall.c:1591:shielded_syscall_emulate_memory_mapping(): Emulating file memory mapping for /usr/local/lib/python3.11/site-packages/scipy/special/_special_ufuncs.cpython-311-x86_64-linux-gnu.so
[SCONE|WARN] src/shielding/shielded_syscall.c:1591:shielded_syscall_emulate_memory_mapping(): Emulating file memory mapping for /usr/local/lib/python3.11/site-packages/scipy/special/_special_ufuncs.cpython-311-x86_64-linux-gnu.so
[SCONE|WARN] src/shielding/shielded_syscall.c:1591:shielded_syscall_emulate_memory_mapping(): Emulating file memory mapping for /usr/local/lib/python3.11/site-packages/scipy/special/_special_ufuncs.cpython-311-x86_64-linux-gnu.so
[SCONE|WARN] src/shielding/shielded_syscall.c:1591:shielded_syscall_emulate_memory_mapping(): Emulating file memory mapping for /usr/local/lib/python3.11/site-packages/scipy/special/_gufuncs.cpython-311-x86_64-linux-gnu.so
[SCONE|WARN] src/shielding/shielded_syscall.c:1591:shielded_syscall_emulate_memory_mapping(): Emulating file memory mapping for /usr/local/lib/python3.11/site-packages/scipy/special/_gufuncs.cpython-311-x86_64-linux-gnu.so
[SCONE|WARN] src/shielding/shielded_syscall.c:1591:shielded_syscall_emulate_memory_mapping(): Emulating file memory mapping for /usr/local/lib/python3.11/site-packages/scipy/special/_gufuncs.cpython-311-x86_64-linux-gnu.so
[SCONE|WARN] src/shielding/shielded_syscall.c:1591:shielded_syscall_emulate_memory_mapping(): Emulating file memory mapping for /usr/local/lib/python3.11/site-packages/scipy/special/_gufuncs.cpython-311-x86_64-linux-gnu.so
[SCONE|WARN] src/shielding/shielded_syscall.c:1591:shielded_syscall_emulate_memory_mapping(): Emulating file memory mapping for /usr/local/lib/python3.11/site-packages/scipy/special/_specfun.cpython-311-x86_64-linux-gnu.so
[SCONE|WARN] src/shielding/shielded_syscall.c:1591:shielded_syscall_emulate_memory_mapping(): Emulating file memory mapping for /usr/local/lib/python3.11/site-packages/scipy/special/_specfun.cpython-311-x86_64-linux-gnu.so
[SCONE|WARN] src/shielding/shielded_syscall.c:1591:shielded_syscall_emulate_memory_mapping(): Emulating file memory mapping for /usr/local/lib/python3.11/site-packages/scipy/special/_specfun.cpython-311-x86_64-linux-gnu.so
[SCONE|WARN] src/shielding/shielded_syscall.c:1591:shielded_syscall_emulate_memory_mapping(): Emulating file memory mapping for /usr/local/lib/python3.11/site-packages/scipy/special/_specfun.cpython-311-x86_64-linux-gnu.so
[SCONE|WARN] src/shielding/shielded_syscall.c:1591:shielded_syscall_emulate_memory_mapping(): Emulating file memory mapping for /usr/local/lib/python3.11/site-packages/scipy/special/_comb.cpython-311-x86_64-linux-gnu.so
[SCONE|WARN] src/shielding/shielded_syscall.c:1591:shielded_syscall_emulate_memory_mapping(): Emulating file memory mapping for /usr/local/lib/python3.11/site-packages/scipy/special/_comb.cpython-311-x86_64-linux-gnu.so
[SCONE|WARN] src/shielding/shielded_syscall.c:1591:shielded_syscall_emulate_memory_mapping(): Emulating file memory mapping for /usr/local/lib/python3.11/site-packages/scipy/special/_comb.cpython-311-x86_64-linux-gnu.so
[SCONE|WARN] src/shielding/shielded_syscall.c:1591:shielded_syscall_emulate_memory_mapping(): Emulating file memory mapping for /usr/local/lib/python3.11/site-packages/scipy/special/_comb.cpython-311-x86_64-linux-gnu.so
[SCONE|WARN] src/shielding/shielded_syscall.c:1591:shielded_syscall_emulate_memory_mapping(): Emulating file memory mapping for /usr/local/lib/python3.11/site-packages/scipy/fft/_pocketfft/pypocketfft.cpython-311-x86_64-linux-gnu.so
[SCONE|WARN] src/shielding/shielded_syscall.c:1591:shielded_syscall_emulate_memory_mapping(): Emulating file memory mapping for /usr/local/lib/python3.11/site-packages/scipy/fft/_pocketfft/pypocketfft.cpython-311-x86_64-linux-gnu.so
[SCONE|WARN] src/shielding/shielded_syscall.c:1591:shielded_syscall_emulate_memory_mapping(): Emulating file memory mapping for /usr/local/lib/python3.11/site-packages/scipy/fft/_pocketfft/pypocketfft.cpython-311-x86_64-linux-gnu.so
[SCONE|WARN] src/shielding/shielded_syscall.c:1591:shielded_syscall_emulate_memory_mapping(): Emulating file memory mapping for /usr/local/lib/python3.11/site-packages/scipy/fft/_pocketfft/pypocketfft.cpython-311-x86_64-linux-gnu.so
[SCONE|WARN] src/shielding/shielded_syscall.c:1591:shielded_syscall_emulate_memory_mapping(): Emulating file memory mapping for /usr/local/lib/python3.11/site-packages/scipy/optimize/_bglu_dense.cpython-311-x86_64-linux-gnu.so
[SCONE|WARN] src/shielding/shielded_syscall.c:1591:shielded_syscall_emulate_memory_mapping(): Emulating file memory mapping for /usr/local/lib/python3.11/site-packages/scipy/optimize/_bglu_dense.cpython-311-x86_64-linux-gnu.so
[SCONE|WARN] src/shielding/shielded_syscall.c:1591:shielded_syscall_emulate_memory_mapping(): Emulating file memory mapping for /usr/local/lib/python3.11/site-packages/scipy/optimize/_bglu_dense.cpython-311-x86_64-linux-gnu.so
[SCONE|WARN] src/shielding/shielded_syscall.c:1591:shielded_syscall_emulate_memory_mapping(): Emulating file memory mapping for /usr/local/lib/python3.11/site-packages/scipy/optimize/_bglu_dense.cpython-311-x86_64-linux-gnu.so
[SCONE|WARN] src/shielding/shielded_syscall.c:1591:shielded_syscall_emulate_memory_mapping(): Emulating file memory mapping for /usr/local/lib/python3.11/site-packages/scipy/optimize/_lsap.cpython-311-x86_64-linux-gnu.so
[SCONE|WARN] src/shielding/shielded_syscall.c:1591:shielded_syscall_emulate_memory_mapping(): Emulating file memory mapping for /usr/local/lib/python3.11/site-packages/scipy/optimize/_lsap.cpython-311-x86_64-linux-gnu.so
[SCONE|WARN] src/shielding/shielded_syscall.c:1591:shielded_syscall_emulate_memory_mapping(): Emulating file memory mapping for /usr/local/lib/python3.11/site-packages/scipy/optimize/_lsap.cpython-311-x86_64-linux-gnu.so
[SCONE|WARN] src/shielding/shielded_syscall.c:1591:shielded_syscall_emulate_memory_mapping(): Emulating file memory mapping for /usr/local/lib/python3.11/site-packages/scipy/optimize/_lsap.cpython-311-x86_64-linux-gnu.so
[SCONE|WARN] src/shielding/shielded_syscall.c:1591:shielded_syscall_emulate_memory_mapping(): Emulating file memory mapping for /usr/local/lib/python3.11/site-packages/scipy/optimize/_pava_pybind.cpython-311-x86_64-linux-gnu.so
[SCONE|WARN] src/shielding/shielded_syscall.c:1591:shielded_syscall_emulate_memory_mapping(): Emulating file memory mapping for /usr/local/lib/python3.11/site-packages/scipy/optimize/_pava_pybind.cpython-311-x86_64-linux-gnu.so
[SCONE|WARN] src/shielding/shielded_syscall.c:1591:shielded_syscall_emulate_memory_mapping(): Emulating file memory mapping for /usr/local/lib/python3.11/site-packages/scipy/optimize/_pava_pybind.cpython-311-x86_64-linux-gnu.so
[SCONE|WARN] src/shielding/shielded_syscall.c:1591:shielded_syscall_emulate_memory_mapping(): Emulating file memory mapping for /usr/local/lib/python3.11/site-packages/scipy/optimize/_pava_pybind.cpython-311-x86_64-linux-gnu.so
[SCONE|WARN] src/shielding/shielded_syscall.c:1591:shielded_syscall_emulate_memory_mapping(): Emulating file memory mapping for /usr/local/lib/python3.11/site-packages/scipy/spatial/_ckdtree.cpython-311-x86_64-linux-gnu.so
[SCONE|WARN] src/shielding/shielded_syscall.c:1591:shielded_syscall_emulate_memory_mapping(): Emulating file memory mapping for /usr/local/lib/python3.11/site-packages/scipy/spatial/_ckdtree.cpython-311-x86_64-linux-gnu.so
[SCONE|WARN] src/shielding/shielded_syscall.c:1591:shielded_syscall_emulate_memory_mapping(): Emulating file memory mapping for /usr/local/lib/python3.11/site-packages/scipy/spatial/_ckdtree.cpython-311-x86_64-linux-gnu.so
[SCONE|WARN] src/shielding/shielded_syscall.c:1591:shielded_syscall_emulate_memory_mapping(): Emulating file memory mapping for /usr/local/lib/python3.11/site-packages/scipy/spatial/_ckdtree.cpython-311-x86_64-linux-gnu.so
[SCONE|WARN] src/shielding/shielded_syscall.c:1591:shielded_syscall_emulate_memory_mapping(): Emulating file memory mapping for /usr/local/lib/python3.11/site-packages/scipy/spatial/_qhull.cpython-311-x86_64-linux-gnu.so
[SCONE|WARN] src/shielding/shielded_syscall.c:1591:shielded_syscall_emulate_memory_mapping(): Emulating file memory mapping for /usr/local/lib/python3.11/site-packages/scipy/spatial/_qhull.cpython-311-x86_64-linux-gnu.so
[SCONE|WARN] src/shielding/shielded_syscall.c:1591:shielded_syscall_emulate_memory_mapping(): Emulating file memory mapping for /usr/local/lib/python3.11/site-packages/scipy/spatial/_qhull.cpython-311-x86_64-linux-gnu.so
[SCONE|WARN] src/shielding/shielded_syscall.c:1591:shielded_syscall_emulate_memory_mapping(): Emulating file memory mapping for /usr/local/lib/python3.11/site-packages/scipy/spatial/_qhull.cpython-311-x86_64-linux-gnu.so
[SCONE|WARN] src/shielding/shielded_syscall.c:1591:shielded_syscall_emulate_memory_mapping(): Emulating file memory mapping for /usr/local/lib/python3.11/site-packages/scipy/spatial/_voronoi.cpython-311-x86_64-linux-gnu.so
[SCONE|WARN] src/shielding/shielded_syscall.c:1591:shielded_syscall_emulate_memory_mapping(): Emulating file memory mapping for /usr/local/lib/python3.11/site-packages/scipy/spatial/_voronoi.cpython-311-x86_64-linux-gnu.so
[SCONE|WARN] src/shielding/shielded_syscall.c:1591:shielded_syscall_emulate_memory_mapping(): Emulating file memory mapping for /usr/local/lib/python3.11/site-packages/scipy/spatial/_voronoi.cpython-311-x86_64-linux-gnu.so
[SCONE|WARN] src/shielding/shielded_syscall.c:1591:shielded_syscall_emulate_memory_mapping(): Emulating file memory mapping for /usr/local/lib/python3.11/site-packages/scipy/spatial/_voronoi.cpython-311-x86_64-linux-gnu.so
[SCONE|WARN] src/shielding/shielded_syscall.c:1591:shielded_syscall_emulate_memory_mapping(): Emulating file memory mapping for /usr/local/lib/python3.11/site-packages/scipy/spatial/_hausdorff.cpython-311-x86_64-linux-gnu.so
[SCONE|WARN] src/shielding/shielded_syscall.c:1591:shielded_syscall_emulate_memory_mapping(): Emulating file memory mapping for /usr/local/lib/python3.11/site-packages/scipy/spatial/_hausdorff.cpython-311-x86_64-linux-gnu.so
[SCONE|WARN] src/shielding/shielded_syscall.c:1591:shielded_syscall_emulate_memory_mapping(): Emulating file memory mapping for /usr/local/lib/python3.11/site-packages/scipy/spatial/_hausdorff.cpython-311-x86_64-linux-gnu.so
[SCONE|WARN] src/shielding/shielded_syscall.c:1591:shielded_syscall_emulate_memory_mapping(): Emulating file memory mapping for /usr/local/lib/python3.11/site-packages/scipy/spatial/_hausdorff.cpython-311-x86_64-linux-gnu.so
[SCONE|WARN] src/shielding/shielded_syscall.c:1591:shielded_syscall_emulate_memory_mapping(): Emulating file memory mapping for /usr/local/lib/python3.11/site-packages/scipy/spatial/_distance_pybind.cpython-311-x86_64-linux-gnu.so
[SCONE|WARN] src/shielding/shielded_syscall.c:1591:shielded_syscall_emulate_memory_mapping(): Emulating file memory mapping for /usr/local/lib/python3.11/site-packages/scipy/spatial/_distance_pybind.cpython-311-x86_64-linux-gnu.so
[SCONE|WARN] src/shielding/shielded_syscall.c:1591:shielded_syscall_emulate_memory_mapping(): Emulating file memory mapping for /usr/local/lib/python3.11/site-packages/scipy/spatial/_distance_pybind.cpython-311-x86_64-linux-gnu.so
[SCONE|WARN] src/shielding/shielded_syscall.c:1591:shielded_syscall_emulate_memory_mapping(): Emulating file memory mapping for /usr/local/lib/python3.11/site-packages/scipy/spatial/_distance_pybind.cpython-311-x86_64-linux-gnu.so
[SCONE|WARN] src/shielding/shielded_syscall.c:1591:shielded_syscall_emulate_memory_mapping(): Emulating file memory mapping for /usr/local/lib/python3.11/site-packages/scipy/spatial/_distance_wrap.cpython-311-x86_64-linux-gnu.so
[SCONE|WARN] src/shielding/shielded_syscall.c:1591:shielded_syscall_emulate_memory_mapping(): Emulating file memory mapping for /usr/local/lib/python3.11/site-packages/scipy/spatial/_distance_wrap.cpython-311-x86_64-linux-gnu.so
[SCONE|WARN] src/shielding/shielded_syscall.c:1591:shielded_syscall_emulate_memory_mapping(): Emulating file memory mapping for /usr/local/lib/python3.11/site-packages/scipy/spatial/_distance_wrap.cpython-311-x86_64-linux-gnu.so
[SCONE|WARN] src/shielding/shielded_syscall.c:1591:shielded_syscall_emulate_memory_mapping(): Emulating file memory mapping for /usr/local/lib/python3.11/site-packages/scipy/spatial/_distance_wrap.cpython-311-x86_64-linux-gnu.so
[SCONE|WARN] src/shielding/shielded_syscall.c:1591:shielded_syscall_emulate_memory_mapping(): Emulating file memory mapping for /usr/local/lib/python3.11/site-packages/scipy/spatial/transform/_rotation_cy.cpython-311-x86_64-linux-gnu.so
[SCONE|WARN] src/shielding/shielded_syscall.c:1591:shielded_syscall_emulate_memory_mapping(): Emulating file memory mapping for /usr/local/lib/python3.11/site-packages/scipy/spatial/transform/_rotation_cy.cpython-311-x86_64-linux-gnu.so
[SCONE|WARN] src/shielding/shielded_syscall.c:1591:shielded_syscall_emulate_memory_mapping(): Emulating file memory mapping for /usr/local/lib/python3.11/site-packages/scipy/spatial/transform/_rotation_cy.cpython-311-x86_64-linux-gnu.so
[SCONE|WARN] src/shielding/shielded_syscall.c:1591:shielded_syscall_emulate_memory_mapping(): Emulating file memory mapping for /usr/local/lib/python3.11/site-packages/scipy/spatial/transform/_rotation_cy.cpython-311-x86_64-linux-gnu.so
[SCONE|WARN] src/shielding/shielded_syscall.c:1591:shielded_syscall_emulate_memory_mapping(): Emulating file memory mapping for /usr/local/lib/python3.11/site-packages/scipy/spatial/transform/_rigid_transform_cy.cpython-311-x86_64-linux-gnu.so
[SCONE|WARN] src/shielding/shielded_syscall.c:1591:shielded_syscall_emulate_memory_mapping(): Emulating file memory mapping for /usr/local/lib/python3.11/site-packages/scipy/spatial/transform/_rigid_transform_cy.cpython-311-x86_64-linux-gnu.so
[SCONE|WARN] src/shielding/shielded_syscall.c:1591:shielded_syscall_emulate_memory_mapping(): Emulating file memory mapping for /usr/local/lib/python3.11/site-packages/scipy/spatial/transform/_rigid_transform_cy.cpython-311-x86_64-linux-gnu.so
[SCONE|WARN] src/shielding/shielded_syscall.c:1591:shielded_syscall_emulate_memory_mapping(): Emulating file memory mapping for /usr/local/lib/python3.11/site-packages/scipy/spatial/transform/_rigid_transform_cy.cpython-311-x86_64-linux-gnu.so
[SCONE|WARN] src/shielding/shielded_syscall.c:1591:shielded_syscall_emulate_memory_mapping(): Emulating file memory mapping for /usr/local/lib/python3.11/lib-dynload/_decimal.cpython-311-x86_64-linux-gnu.so
[SCONE|WARN] src/shielding/shielded_syscall.c:1591:shielded_syscall_emulate_memory_mapping(): Emulating file memory mapping for /usr/local/lib/python3.11/lib-dynload/_decimal.cpython-311-x86_64-linux-gnu.so
[SCONE|WARN] src/shielding/shielded_syscall.c:1591:shielded_syscall_emulate_memory_mapping(): Emulating file memory mapping for /usr/local/lib/python3.11/lib-dynload/_decimal.cpython-311-x86_64-linux-gnu.so
[SCONE|WARN] src/shielding/shielded_syscall.c:1591:shielded_syscall_emulate_memory_mapping(): Emulating file memory mapping for /usr/local/lib/python3.11/lib-dynload/_decimal.cpython-311-x86_64-linux-gnu.so
[SCONE|WARN] src/shielding/shielded_syscall.c:1591:shielded_syscall_emulate_memory_mapping(): Emulating file memory mapping for /usr/local/lib/python3.11/site-packages/scipy/optimize/_direct.cpython-311-x86_64-linux-gnu.so
[SCONE|WARN] src/shielding/shielded_syscall.c:1591:shielded_syscall_emulate_memory_mapping(): Emulating file memory mapping for /usr/local/lib/python3.11/site-packages/scipy/optimize/_direct.cpython-311-x86_64-linux-gnu.so
[SCONE|WARN] src/shielding/shielded_syscall.c:1591:shielded_syscall_emulate_memory_mapping(): Emulating file memory mapping for /usr/local/lib/python3.11/site-packages/scipy/optimize/_direct.cpython-311-x86_64-linux-gnu.so
[SCONE|WARN] src/shielding/shielded_syscall.c:1591:shielded_syscall_emulate_memory_mapping(): Emulating file memory mapping for /usr/local/lib/python3.11/site-packages/scipy/optimize/_direct.cpython-311-x86_64-linux-gnu.so
[SCONE|WARN] src/shielding/shielded_syscall.c:1591:shielded_syscall_emulate_memory_mapping(): Emulating file memory mapping for /usr/local/lib/python3.11/site-packages/scipy/integrate/_odepack.cpython-311-x86_64-linux-gnu.so
[SCONE|WARN] src/shielding/shielded_syscall.c:1591:shielded_syscall_emulate_memory_mapping(): Emulating file memory mapping for /usr/local/lib/python3.11/site-packages/scipy/integrate/_odepack.cpython-311-x86_64-linux-gnu.so
[SCONE|WARN] src/shielding/shielded_syscall.c:1591:shielded_syscall_emulate_memory_mapping(): Emulating file memory mapping for /usr/local/lib/python3.11/site-packages/scipy/integrate/_odepack.cpython-311-x86_64-linux-gnu.so
[SCONE|WARN] src/shielding/shielded_syscall.c:1591:shielded_syscall_emulate_memory_mapping(): Emulating file memory mapping for /usr/local/lib/python3.11/site-packages/scipy/integrate/_odepack.cpython-311-x86_64-linux-gnu.so
[SCONE|WARN] src/shielding/shielded_syscall.c:1591:shielded_syscall_emulate_memory_mapping(): Emulating file memory mapping for /usr/local/lib/python3.11/site-packages/scipy/integrate/_odepack.cpython-311-x86_64-linux-gnu.so
[SCONE|WARN] src/shielding/shielded_syscall.c:1591:shielded_syscall_emulate_memory_mapping(): Emulating file memory mapping for /usr/local/lib/python3.11/site-packages/scipy/integrate/_odepack.cpython-311-x86_64-linux-gnu.so
[SCONE|WARN] src/shielding/shielded_syscall.c:1591:shielded_syscall_emulate_memory_mapping(): Emulating file memory mapping for /usr/local/lib/python3.11/site-packages/scipy/integrate/_quadpack.cpython-311-x86_64-linux-gnu.so
[SCONE|WARN] src/shielding/shielded_syscall.c:1591:shielded_syscall_emulate_memory_mapping(): Emulating file memory mapping for /usr/local/lib/python3.11/site-packages/scipy/integrate/_quadpack.cpython-311-x86_64-linux-gnu.so
[SCONE|WARN] src/shielding/shielded_syscall.c:1591:shielded_syscall_emulate_memory_mapping(): Emulating file memory mapping for /usr/local/lib/python3.11/site-packages/scipy/integrate/_quadpack.cpython-311-x86_64-linux-gnu.so
[SCONE|WARN] src/shielding/shielded_syscall.c:1591:shielded_syscall_emulate_memory_mapping(): Emulating file memory mapping for /usr/local/lib/python3.11/site-packages/scipy/integrate/_quadpack.cpython-311-x86_64-linux-gnu.so
[SCONE|WARN] src/shielding/shielded_syscall.c:1591:shielded_syscall_emulate_memory_mapping(): Emulating file memory mapping for /usr/local/lib/python3.11/site-packages/scipy/integrate/_vode.cpython-311-x86_64-linux-gnu.so
[SCONE|WARN] src/shielding/shielded_syscall.c:1591:shielded_syscall_emulate_memory_mapping(): Emulating file memory mapping for /usr/local/lib/python3.11/site-packages/scipy/integrate/_vode.cpython-311-x86_64-linux-gnu.so
[SCONE|WARN] src/shielding/shielded_syscall.c:1591:shielded_syscall_emulate_memory_mapping(): Emulating file memory mapping for /usr/local/lib/python3.11/site-packages/scipy/integrate/_vode.cpython-311-x86_64-linux-gnu.so
[SCONE|WARN] src/shielding/shielded_syscall.c:1591:shielded_syscall_emulate_memory_mapping(): Emulating file memory mapping for /usr/local/lib/python3.11/site-packages/scipy/integrate/_vode.cpython-311-x86_64-linux-gnu.so
[SCONE|WARN] src/shielding/shielded_syscall.c:1591:shielded_syscall_emulate_memory_mapping(): Emulating file memory mapping for /usr/local/lib/python3.11/site-packages/scipy/integrate/_vode.cpython-311-x86_64-linux-gnu.so
[SCONE|WARN] src/shielding/shielded_syscall.c:1591:shielded_syscall_emulate_memory_mapping(): Emulating file memory mapping for /usr/local/lib/python3.11/site-packages/scipy/integrate/_vode.cpython-311-x86_64-linux-gnu.so
[SCONE|WARN] src/shielding/shielded_syscall.c:1591:shielded_syscall_emulate_memory_mapping(): Emulating file memory mapping for /usr/local/lib/python3.11/site-packages/scipy/integrate/_dop.cpython-311-x86_64-linux-gnu.so
[SCONE|WARN] src/shielding/shielded_syscall.c:1591:shielded_syscall_emulate_memory_mapping(): Emulating file memory mapping for /usr/local/lib/python3.11/site-packages/scipy/integrate/_dop.cpython-311-x86_64-linux-gnu.so
[SCONE|WARN] src/shielding/shielded_syscall.c:1591:shielded_syscall_emulate_memory_mapping(): Emulating file memory mapping for /usr/local/lib/python3.11/site-packages/scipy/integrate/_dop.cpython-311-x86_64-linux-gnu.so
[SCONE|WARN] src/shielding/shielded_syscall.c:1591:shielded_syscall_emulate_memory_mapping(): Emulating file memory mapping for /usr/local/lib/python3.11/site-packages/scipy/integrate/_dop.cpython-311-x86_64-linux-gnu.so
[SCONE|WARN] src/shielding/shielded_syscall.c:1591:shielded_syscall_emulate_memory_mapping(): Emulating file memory mapping for /usr/local/lib/python3.11/site-packages/scipy/interpolate/_fitpack.cpython-311-x86_64-linux-gnu.so
[SCONE|WARN] src/shielding/shielded_syscall.c:1591:shielded_syscall_emulate_memory_mapping(): Emulating file memory mapping for /usr/local/lib/python3.11/site-packages/scipy/interpolate/_fitpack.cpython-311-x86_64-linux-gnu.so
[SCONE|WARN] src/shielding/shielded_syscall.c:1591:shielded_syscall_emulate_memory_mapping(): Emulating file memory mapping for /usr/local/lib/python3.11/site-packages/scipy/interpolate/_fitpack.cpython-311-x86_64-linux-gnu.so
[SCONE|WARN] src/shielding/shielded_syscall.c:1591:shielded_syscall_emulate_memory_mapping(): Emulating file memory mapping for /usr/local/lib/python3.11/site-packages/scipy/interpolate/_fitpack.cpython-311-x86_64-linux-gnu.so
[SCONE|WARN] src/shielding/shielded_syscall.c:1591:shielded_syscall_emulate_memory_mapping(): Emulating file memory mapping for /usr/local/lib/python3.11/site-packages/scipy/interpolate/_fitpack.cpython-311-x86_64-linux-gnu.so
[SCONE|WARN] src/shielding/shielded_syscall.c:1591:shielded_syscall_emulate_memory_mapping(): Emulating file memory mapping for /usr/local/lib/python3.11/site-packages/scipy/interpolate/_fitpack.cpython-311-x86_64-linux-gnu.so
[SCONE|WARN] src/shielding/shielded_syscall.c:1591:shielded_syscall_emulate_memory_mapping(): Emulating file memory mapping for /usr/local/lib/python3.11/site-packages/scipy/interpolate/_dfitpack.cpython-311-x86_64-linux-gnu.so
[SCONE|WARN] src/shielding/shielded_syscall.c:1591:shielded_syscall_emulate_memory_mapping(): Emulating file memory mapping for /usr/local/lib/python3.11/site-packages/scipy/interpolate/_dfitpack.cpython-311-x86_64-linux-gnu.so
[SCONE|WARN] src/shielding/shielded_syscall.c:1591:shielded_syscall_emulate_memory_mapping(): Emulating file memory mapping for /usr/local/lib/python3.11/site-packages/scipy/interpolate/_dfitpack.cpython-311-x86_64-linux-gnu.so
[SCONE|WARN] src/shielding/shielded_syscall.c:1591:shielded_syscall_emulate_memory_mapping(): Emulating file memory mapping for /usr/local/lib/python3.11/site-packages/scipy/interpolate/_dfitpack.cpython-311-x86_64-linux-gnu.so
[SCONE|WARN] src/shielding/shielded_syscall.c:1591:shielded_syscall_emulate_memory_mapping(): Emulating file memory mapping for /usr/local/lib/python3.11/site-packages/scipy/interpolate/_dfitpack.cpython-311-x86_64-linux-gnu.so
[SCONE|WARN] src/shielding/shielded_syscall.c:1591:shielded_syscall_emulate_memory_mapping(): Emulating file memory mapping for /usr/local/lib/python3.11/site-packages/scipy/interpolate/_dfitpack.cpython-311-x86_64-linux-gnu.so
[SCONE|WARN] src/shielding/shielded_syscall.c:1591:shielded_syscall_emulate_memory_mapping(): Emulating file memory mapping for /usr/local/lib/python3.11/site-packages/scipy/interpolate/_dierckx.cpython-311-x86_64-linux-gnu.so
[SCONE|WARN] src/shielding/shielded_syscall.c:1591:shielded_syscall_emulate_memory_mapping(): Emulating file memory mapping for /usr/local/lib/python3.11/site-packages/scipy/interpolate/_dierckx.cpython-311-x86_64-linux-gnu.so
[SCONE|WARN] src/shielding/shielded_syscall.c:1591:shielded_syscall_emulate_memory_mapping(): Emulating file memory mapping for /usr/local/lib/python3.11/site-packages/scipy/interpolate/_dierckx.cpython-311-x86_64-linux-gnu.so
[SCONE|WARN] src/shielding/shielded_syscall.c:1591:shielded_syscall_emulate_memory_mapping(): Emulating file memory mapping for /usr/local/lib/python3.11/site-packages/scipy/interpolate/_dierckx.cpython-311-x86_64-linux-gnu.so
[SCONE|WARN] src/shielding/shielded_syscall.c:1591:shielded_syscall_emulate_memory_mapping(): Emulating file memory mapping for /usr/local/lib/python3.11/site-packages/scipy/interpolate/_dierckx.cpython-311-x86_64-linux-gnu.so
[SCONE|WARN] src/shielding/shielded_syscall.c:1591:shielded_syscall_emulate_memory_mapping(): Emulating file memory mapping for /usr/local/lib/python3.11/site-packages/scipy/interpolate/_dierckx.cpython-311-x86_64-linux-gnu.so
[SCONE|WARN] src/shielding/shielded_syscall.c:1591:shielded_syscall_emulate_memory_mapping(): Emulating file memory mapping for /usr/local/lib/python3.11/site-packages/scipy/interpolate/_ppoly.cpython-311-x86_64-linux-gnu.so
[SCONE|WARN] src/shielding/shielded_syscall.c:1591:shielded_syscall_emulate_memory_mapping(): Emulating file memory mapping for /usr/local/lib/python3.11/site-packages/scipy/interpolate/_ppoly.cpython-311-x86_64-linux-gnu.so
[SCONE|WARN] src/shielding/shielded_syscall.c:1591:shielded_syscall_emulate_memory_mapping(): Emulating file memory mapping for /usr/local/lib/python3.11/site-packages/scipy/interpolate/_ppoly.cpython-311-x86_64-linux-gnu.so
[SCONE|WARN] src/shielding/shielded_syscall.c:1591:shielded_syscall_emulate_memory_mapping(): Emulating file memory mapping for /usr/local/lib/python3.11/site-packages/scipy/interpolate/_ppoly.cpython-311-x86_64-linux-gnu.so
[SCONE|WARN] src/shielding/shielded_syscall.c:1591:shielded_syscall_emulate_memory_mapping(): Emulating file memory mapping for /usr/local/lib/python3.11/site-packages/scipy/interpolate/_interpnd.cpython-311-x86_64-linux-gnu.so
[SCONE|WARN] src/shielding/shielded_syscall.c:1591:shielded_syscall_emulate_memory_mapping(): Emulating file memory mapping for /usr/local/lib/python3.11/site-packages/scipy/interpolate/_interpnd.cpython-311-x86_64-linux-gnu.so
[SCONE|WARN] src/shielding/shielded_syscall.c:1591:shielded_syscall_emulate_memory_mapping(): Emulating file memory mapping for /usr/local/lib/python3.11/site-packages/scipy/interpolate/_interpnd.cpython-311-x86_64-linux-gnu.so
[SCONE|WARN] src/shielding/shielded_syscall.c:1591:shielded_syscall_emulate_memory_mapping(): Emulating file memory mapping for /usr/local/lib/python3.11/site-packages/scipy/interpolate/_interpnd.cpython-311-x86_64-linux-gnu.so
[SCONE|WARN] src/shielding/shielded_syscall.c:1591:shielded_syscall_emulate_memory_mapping(): Emulating file memory mapping for /usr/local/lib/python3.11/site-packages/scipy/interpolate/_rbfinterp_pythran.cpython-311-x86_64-linux-gnu.so
[SCONE|WARN] src/shielding/shielded_syscall.c:1591:shielded_syscall_emulate_memory_mapping(): Emulating file memory mapping for /usr/local/lib/python3.11/site-packages/scipy/interpolate/_rbfinterp_pythran.cpython-311-x86_64-linux-gnu.so
[SCONE|WARN] src/shielding/shielded_syscall.c:1591:shielded_syscall_emulate_memory_mapping(): Emulating file memory mapping for /usr/local/lib/python3.11/site-packages/scipy/interpolate/_rbfinterp_pythran.cpython-311-x86_64-linux-gnu.so
[SCONE|WARN] src/shielding/shielded_syscall.c:1591:shielded_syscall_emulate_memory_mapping(): Emulating file memory mapping for /usr/local/lib/python3.11/site-packages/scipy/interpolate/_rbfinterp_pythran.cpython-311-x86_64-linux-gnu.so
[SCONE|WARN] src/shielding/shielded_syscall.c:1591:shielded_syscall_emulate_memory_mapping(): Emulating file memory mapping for /usr/local/lib/python3.11/site-packages/scipy/interpolate/_rgi_cython.cpython-311-x86_64-linux-gnu.so
[SCONE|WARN] src/shielding/shielded_syscall.c:1591:shielded_syscall_emulate_memory_mapping(): Emulating file memory mapping for /usr/local/lib/python3.11/site-packages/scipy/interpolate/_rgi_cython.cpython-311-x86_64-linux-gnu.so
[SCONE|WARN] src/shielding/shielded_syscall.c:1591:shielded_syscall_emulate_memory_mapping(): Emulating file memory mapping for /usr/local/lib/python3.11/site-packages/scipy/interpolate/_rgi_cython.cpython-311-x86_64-linux-gnu.so
[SCONE|WARN] src/shielding/shielded_syscall.c:1591:shielded_syscall_emulate_memory_mapping(): Emulating file memory mapping for /usr/local/lib/python3.11/site-packages/scipy/interpolate/_rgi_cython.cpython-311-x86_64-linux-gnu.so
[SCONE|WARN] src/shielding/shielded_syscall.c:1591:shielded_syscall_emulate_memory_mapping(): Emulating file memory mapping for /usr/local/lib/python3.11/site-packages/scipy/stats/_stats.cpython-311-x86_64-linux-gnu.so
[SCONE|WARN] src/shielding/shielded_syscall.c:1591:shielded_syscall_emulate_memory_mapping(): Emulating file memory mapping for /usr/local/lib/python3.11/site-packages/scipy/stats/_stats.cpython-311-x86_64-linux-gnu.so
[SCONE|WARN] src/shielding/shielded_syscall.c:1591:shielded_syscall_emulate_memory_mapping(): Emulating file memory mapping for /usr/local/lib/python3.11/site-packages/scipy/stats/_stats.cpython-311-x86_64-linux-gnu.so
[SCONE|WARN] src/shielding/shielded_syscall.c:1591:shielded_syscall_emulate_memory_mapping(): Emulating file memory mapping for /usr/local/lib/python3.11/site-packages/scipy/stats/_stats.cpython-311-x86_64-linux-gnu.so
[SCONE|WARN] src/shielding/shielded_syscall.c:1591:shielded_syscall_emulate_memory_mapping(): Emulating file memory mapping for /usr/local/lib/python3.11/site-packages/scipy/special/cython_special.cpython-311-x86_64-linux-gnu.so
[SCONE|WARN] src/shielding/shielded_syscall.c:1591:shielded_syscall_emulate_memory_mapping(): Emulating file memory mapping for /usr/local/lib/python3.11/site-packages/scipy/special/cython_special.cpython-311-x86_64-linux-gnu.so
[SCONE|WARN] src/shielding/shielded_syscall.c:1591:shielded_syscall_emulate_memory_mapping(): Emulating file memory mapping for /usr/local/lib/python3.11/site-packages/scipy/special/cython_special.cpython-311-x86_64-linux-gnu.so
[SCONE|WARN] src/shielding/shielded_syscall.c:1591:shielded_syscall_emulate_memory_mapping(): Emulating file memory mapping for /usr/local/lib/python3.11/site-packages/scipy/special/cython_special.cpython-311-x86_64-linux-gnu.so
[SCONE|WARN] src/shielding/shielded_syscall.c:1591:shielded_syscall_emulate_memory_mapping(): Emulating file memory mapping for /usr/local/lib/python3.11/site-packages/scipy/stats/_biasedurn.cpython-311-x86_64-linux-gnu.so
[SCONE|WARN] src/shielding/shielded_syscall.c:1591:shielded_syscall_emulate_memory_mapping(): Emulating file memory mapping for /usr/local/lib/python3.11/site-packages/scipy/stats/_biasedurn.cpython-311-x86_64-linux-gnu.so
[SCONE|WARN] src/shielding/shielded_syscall.c:1591:shielded_syscall_emulate_memory_mapping(): Emulating file memory mapping for /usr/local/lib/python3.11/site-packages/scipy/stats/_biasedurn.cpython-311-x86_64-linux-gnu.so
[SCONE|WARN] src/shielding/shielded_syscall.c:1591:shielded_syscall_emulate_memory_mapping(): Emulating file memory mapping for /usr/local/lib/python3.11/site-packages/scipy/stats/_biasedurn.cpython-311-x86_64-linux-gnu.so
[SCONE|WARN] src/shielding/shielded_syscall.c:1591:shielded_syscall_emulate_memory_mapping(): Emulating file memory mapping for /usr/local/lib/python3.11/site-packages/scipy/stats/_stats_pythran.cpython-311-x86_64-linux-gnu.so
[SCONE|WARN] src/shielding/shielded_syscall.c:1591:shielded_syscall_emulate_memory_mapping(): Emulating file memory mapping for /usr/local/lib/python3.11/site-packages/scipy/stats/_stats_pythran.cpython-311-x86_64-linux-gnu.so
[SCONE|WARN] src/shielding/shielded_syscall.c:1591:shielded_syscall_emulate_memory_mapping(): Emulating file memory mapping for /usr/local/lib/python3.11/site-packages/scipy/stats/_stats_pythran.cpython-311-x86_64-linux-gnu.so
[SCONE|WARN] src/shielding/shielded_syscall.c:1591:shielded_syscall_emulate_memory_mapping(): Emulating file memory mapping for /usr/local/lib/python3.11/site-packages/scipy/stats/_stats_pythran.cpython-311-x86_64-linux-gnu.so
[SCONE|WARN] src/shielding/shielded_syscall.c:1591:shielded_syscall_emulate_memory_mapping(): Emulating file memory mapping for /usr/local/lib/python3.11/site-packages/scipy/stats/_levy_stable/levyst.cpython-311-x86_64-linux-gnu.so
[SCONE|WARN] src/shielding/shielded_syscall.c:1591:shielded_syscall_emulate_memory_mapping(): Emulating file memory mapping for /usr/local/lib/python3.11/site-packages/scipy/stats/_levy_stable/levyst.cpython-311-x86_64-linux-gnu.so
[SCONE|WARN] src/shielding/shielded_syscall.c:1591:shielded_syscall_emulate_memory_mapping(): Emulating file memory mapping for /usr/local/lib/python3.11/site-packages/scipy/stats/_levy_stable/levyst.cpython-311-x86_64-linux-gnu.so
[SCONE|WARN] src/shielding/shielded_syscall.c:1591:shielded_syscall_emulate_memory_mapping(): Emulating file memory mapping for /usr/local/lib/python3.11/site-packages/scipy/stats/_levy_stable/levyst.cpython-311-x86_64-linux-gnu.so
[SCONE|WARN] src/shielding/shielded_syscall.c:1591:shielded_syscall_emulate_memory_mapping(): Emulating file memory mapping for /usr/local/lib/python3.11/site-packages/scipy/stats/_ansari_swilk_statistics.cpython-311-x86_64-linux-gnu.so
[SCONE|WARN] src/shielding/shielded_syscall.c:1591:shielded_syscall_emulate_memory_mapping(): Emulating file memory mapping for /usr/local/lib/python3.11/site-packages/scipy/stats/_ansari_swilk_statistics.cpython-311-x86_64-linux-gnu.so
[SCONE|WARN] src/shielding/shielded_syscall.c:1591:shielded_syscall_emulate_memory_mapping(): Emulating file memory mapping for /usr/local/lib/python3.11/site-packages/scipy/stats/_ansari_swilk_statistics.cpython-311-x86_64-linux-gnu.so
[SCONE|WARN] src/shielding/shielded_syscall.c:1591:shielded_syscall_emulate_memory_mapping(): Emulating file memory mapping for /usr/local/lib/python3.11/site-packages/scipy/stats/_ansari_swilk_statistics.cpython-311-x86_64-linux-gnu.so
[SCONE|WARN] src/shielding/shielded_syscall.c:1591:shielded_syscall_emulate_memory_mapping(): Emulating file memory mapping for /usr/local/lib/python3.11/site-packages/scipy/sparse/csgraph/_shortest_path.cpython-311-x86_64-linux-gnu.so
[SCONE|WARN] src/shielding/shielded_syscall.c:1591:shielded_syscall_emulate_memory_mapping(): Emulating file memory mapping for /usr/local/lib/python3.11/site-packages/scipy/sparse/csgraph/_shortest_path.cpython-311-x86_64-linux-gnu.so
[SCONE|WARN] src/shielding/shielded_syscall.c:1591:shielded_syscall_emulate_memory_mapping(): Emulating file memory mapping for /usr/local/lib/python3.11/site-packages/scipy/sparse/csgraph/_shortest_path.cpython-311-x86_64-linux-gnu.so
[SCONE|WARN] src/shielding/shielded_syscall.c:1591:shielded_syscall_emulate_memory_mapping(): Emulating file memory mapping for /usr/local/lib/python3.11/site-packages/scipy/sparse/csgraph/_shortest_path.cpython-311-x86_64-linux-gnu.so
[SCONE|WARN] src/shielding/shielded_syscall.c:1591:shielded_syscall_emulate_memory_mapping(): Emulating file memory mapping for /usr/local/lib/python3.11/site-packages/scipy/sparse/csgraph/_tools.cpython-311-x86_64-linux-gnu.so
[SCONE|WARN] src/shielding/shielded_syscall.c:1591:shielded_syscall_emulate_memory_mapping(): Emulating file memory mapping for /usr/local/lib/python3.11/site-packages/scipy/sparse/csgraph/_tools.cpython-311-x86_64-linux-gnu.so
[SCONE|WARN] src/shielding/shielded_syscall.c:1591:shielded_syscall_emulate_memory_mapping(): Emulating file memory mapping for /usr/local/lib/python3.11/site-packages/scipy/sparse/csgraph/_tools.cpython-311-x86_64-linux-gnu.so
[SCONE|WARN] src/shielding/shielded_syscall.c:1591:shielded_syscall_emulate_memory_mapping(): Emulating file memory mapping for /usr/local/lib/python3.11/site-packages/scipy/sparse/csgraph/_tools.cpython-311-x86_64-linux-gnu.so
[SCONE|WARN] src/shielding/shielded_syscall.c:1591:shielded_syscall_emulate_memory_mapping(): Emulating file memory mapping for /usr/local/lib/python3.11/site-packages/scipy/sparse/csgraph/_traversal.cpython-311-x86_64-linux-gnu.so
[SCONE|WARN] src/shielding/shielded_syscall.c:1591:shielded_syscall_emulate_memory_mapping(): Emulating file memory mapping for /usr/local/lib/python3.11/site-packages/scipy/sparse/csgraph/_traversal.cpython-311-x86_64-linux-gnu.so
[SCONE|WARN] src/shielding/shielded_syscall.c:1591:shielded_syscall_emulate_memory_mapping(): Emulating file memory mapping for /usr/local/lib/python3.11/site-packages/scipy/sparse/csgraph/_traversal.cpython-311-x86_64-linux-gnu.so
[SCONE|WARN] src/shielding/shielded_syscall.c:1591:shielded_syscall_emulate_memory_mapping(): Emulating file memory mapping for /usr/local/lib/python3.11/site-packages/scipy/sparse/csgraph/_traversal.cpython-311-x86_64-linux-gnu.so
[SCONE|WARN] src/shielding/shielded_syscall.c:1591:shielded_syscall_emulate_memory_mapping(): Emulating file memory mapping for /usr/local/lib/python3.11/site-packages/scipy/sparse/csgraph/_min_spanning_tree.cpython-311-x86_64-linux-gnu.so
[SCONE|WARN] src/shielding/shielded_syscall.c:1591:shielded_syscall_emulate_memory_mapping(): Emulating file memory mapping for /usr/local/lib/python3.11/site-packages/scipy/sparse/csgraph/_min_spanning_tree.cpython-311-x86_64-linux-gnu.so
[SCONE|WARN] src/shielding/shielded_syscall.c:1591:shielded_syscall_emulate_memory_mapping(): Emulating file memory mapping for /usr/local/lib/python3.11/site-packages/scipy/sparse/csgraph/_min_spanning_tree.cpython-311-x86_64-linux-gnu.so
[SCONE|WARN] src/shielding/shielded_syscall.c:1591:shielded_syscall_emulate_memory_mapping(): Emulating file memory mapping for /usr/local/lib/python3.11/site-packages/scipy/sparse/csgraph/_min_spanning_tree.cpython-311-x86_64-linux-gnu.so
[SCONE|WARN] src/shielding/shielded_syscall.c:1591:shielded_syscall_emulate_memory_mapping(): Emulating file memory mapping for /usr/local/lib/python3.11/site-packages/scipy/sparse/csgraph/_flow.cpython-311-x86_64-linux-gnu.so
[SCONE|WARN] src/shielding/shielded_syscall.c:1591:shielded_syscall_emulate_memory_mapping(): Emulating file memory mapping for /usr/local/lib/python3.11/site-packages/scipy/sparse/csgraph/_flow.cpython-311-x86_64-linux-gnu.so
[SCONE|WARN] src/shielding/shielded_syscall.c:1591:shielded_syscall_emulate_memory_mapping(): Emulating file memory mapping for /usr/local/lib/python3.11/site-packages/scipy/sparse/csgraph/_flow.cpython-311-x86_64-linux-gnu.so
[SCONE|WARN] src/shielding/shielded_syscall.c:1591:shielded_syscall_emulate_memory_mapping(): Emulating file memory mapping for /usr/local/lib/python3.11/site-packages/scipy/sparse/csgraph/_flow.cpython-311-x86_64-linux-gnu.so
[SCONE|WARN] src/shielding/shielded_syscall.c:1591:shielded_syscall_emulate_memory_mapping(): Emulating file memory mapping for /usr/local/lib/python3.11/site-packages/scipy/sparse/csgraph/_matching.cpython-311-x86_64-linux-gnu.so
[SCONE|WARN] src/shielding/shielded_syscall.c:1591:shielded_syscall_emulate_memory_mapping(): Emulating file memory mapping for /usr/local/lib/python3.11/site-packages/scipy/sparse/csgraph/_matching.cpython-311-x86_64-linux-gnu.so
[SCONE|WARN] src/shielding/shielded_syscall.c:1591:shielded_syscall_emulate_memory_mapping(): Emulating file memory mapping for /usr/local/lib/python3.11/site-packages/scipy/sparse/csgraph/_matching.cpython-311-x86_64-linux-gnu.so
[SCONE|WARN] src/shielding/shielded_syscall.c:1591:shielded_syscall_emulate_memory_mapping(): Emulating file memory mapping for /usr/local/lib/python3.11/site-packages/scipy/sparse/csgraph/_matching.cpython-311-x86_64-linux-gnu.so
[SCONE|WARN] src/shielding/shielded_syscall.c:1591:shielded_syscall_emulate_memory_mapping(): Emulating file memory mapping for /usr/local/lib/python3.11/site-packages/scipy/sparse/csgraph/_reordering.cpython-311-x86_64-linux-gnu.so
[SCONE|WARN] src/shielding/shielded_syscall.c:1591:shielded_syscall_emulate_memory_mapping(): Emulating file memory mapping for /usr/local/lib/python3.11/site-packages/scipy/sparse/csgraph/_reordering.cpython-311-x86_64-linux-gnu.so
[SCONE|WARN] src/shielding/shielded_syscall.c:1591:shielded_syscall_emulate_memory_mapping(): Emulating file memory mapping for /usr/local/lib/python3.11/site-packages/scipy/sparse/csgraph/_reordering.cpython-311-x86_64-linux-gnu.so
[SCONE|WARN] src/shielding/shielded_syscall.c:1591:shielded_syscall_emulate_memory_mapping(): Emulating file memory mapping for /usr/local/lib/python3.11/site-packages/scipy/sparse/csgraph/_reordering.cpython-311-x86_64-linux-gnu.so
[SCONE|WARN] src/shielding/shielded_syscall.c:1591:shielded_syscall_emulate_memory_mapping(): Emulating file memory mapping for /usr/local/lib/python3.11/site-packages/scipy/stats/_sobol.cpython-311-x86_64-linux-gnu.so
[SCONE|WARN] src/shielding/shielded_syscall.c:1591:shielded_syscall_emulate_memory_mapping(): Emulating file memory mapping for /usr/local/lib/python3.11/site-packages/scipy/stats/_sobol.cpython-311-x86_64-linux-gnu.so
[SCONE|WARN] src/shielding/shielded_syscall.c:1591:shielded_syscall_emulate_memory_mapping(): Emulating file memory mapping for /usr/local/lib/python3.11/site-packages/scipy/stats/_sobol.cpython-311-x86_64-linux-gnu.so
[SCONE|WARN] src/shielding/shielded_syscall.c:1591:shielded_syscall_emulate_memory_mapping(): Emulating file memory mapping for /usr/local/lib/python3.11/site-packages/scipy/stats/_sobol.cpython-311-x86_64-linux-gnu.so
[SCONE|WARN] src/shielding/shielded_syscall.c:1591:shielded_syscall_emulate_memory_mapping(): Emulating file memory mapping for /usr/local/lib/python3.11/site-packages/scipy/stats/_qmc_cy.cpython-311-x86_64-linux-gnu.so
[SCONE|WARN] src/shielding/shielded_syscall.c:1591:shielded_syscall_emulate_memory_mapping(): Emulating file memory mapping for /usr/local/lib/python3.11/site-packages/scipy/stats/_qmc_cy.cpython-311-x86_64-linux-gnu.so
[SCONE|WARN] src/shielding/shielded_syscall.c:1591:shielded_syscall_emulate_memory_mapping(): Emulating file memory mapping for /usr/local/lib/python3.11/site-packages/scipy/stats/_qmc_cy.cpython-311-x86_64-linux-gnu.so
[SCONE|WARN] src/shielding/shielded_syscall.c:1591:shielded_syscall_emulate_memory_mapping(): Emulating file memory mapping for /usr/local/lib/python3.11/site-packages/scipy/stats/_qmc_cy.cpython-311-x86_64-linux-gnu.so
[SCONE|WARN] src/shielding/shielded_syscall.c:1591:shielded_syscall_emulate_memory_mapping(): Emulating file memory mapping for /usr/local/lib/python3.11/site-packages/scipy/stats/_rcont/rcont.cpython-311-x86_64-linux-gnu.so
[SCONE|WARN] src/shielding/shielded_syscall.c:1591:shielded_syscall_emulate_memory_mapping(): Emulating file memory mapping for /usr/local/lib/python3.11/site-packages/scipy/stats/_rcont/rcont.cpython-311-x86_64-linux-gnu.so
[SCONE|WARN] src/shielding/shielded_syscall.c:1591:shielded_syscall_emulate_memory_mapping(): Emulating file memory mapping for /usr/local/lib/python3.11/site-packages/scipy/stats/_rcont/rcont.cpython-311-x86_64-linux-gnu.so
[SCONE|WARN] src/shielding/shielded_syscall.c:1591:shielded_syscall_emulate_memory_mapping(): Emulating file memory mapping for /usr/local/lib/python3.11/site-packages/scipy/stats/_rcont/rcont.cpython-311-x86_64-linux-gnu.so
[SCONE|WARN] src/shielding/shielded_syscall.c:1591:shielded_syscall_emulate_memory_mapping(): Emulating file memory mapping for /usr/local/lib/python3.11/site-packages/scipy/stats/_qmvnt_cy.cpython-311-x86_64-linux-gnu.so
[SCONE|WARN] src/shielding/shielded_syscall.c:1591:shielded_syscall_emulate_memory_mapping(): Emulating file memory mapping for /usr/local/lib/python3.11/site-packages/scipy/stats/_qmvnt_cy.cpython-311-x86_64-linux-gnu.so
[SCONE|WARN] src/shielding/shielded_syscall.c:1591:shielded_syscall_emulate_memory_mapping(): Emulating file memory mapping for /usr/local/lib/python3.11/site-packages/scipy/stats/_qmvnt_cy.cpython-311-x86_64-linux-gnu.so
[SCONE|WARN] src/shielding/shielded_syscall.c:1591:shielded_syscall_emulate_memory_mapping(): Emulating file memory mapping for /usr/local/lib/python3.11/site-packages/scipy/stats/_qmvnt_cy.cpython-311-x86_64-linux-gnu.so
[SCONE|WARN] src/shielding/shielded_syscall.c:1591:shielded_syscall_emulate_memory_mapping(): Emulating file memory mapping for /usr/local/lib/python3.11/site-packages/scipy/ndimage/_nd_image.cpython-311-x86_64-linux-gnu.so
[SCONE|WARN] src/shielding/shielded_syscall.c:1591:shielded_syscall_emulate_memory_mapping(): Emulating file memory mapping for /usr/local/lib/python3.11/site-packages/scipy/ndimage/_nd_image.cpython-311-x86_64-linux-gnu.so
[SCONE|WARN] src/shielding/shielded_syscall.c:1591:shielded_syscall_emulate_memory_mapping(): Emulating file memory mapping for /usr/local/lib/python3.11/site-packages/scipy/ndimage/_nd_image.cpython-311-x86_64-linux-gnu.so
[SCONE|WARN] src/shielding/shielded_syscall.c:1591:shielded_syscall_emulate_memory_mapping(): Emulating file memory mapping for /usr/local/lib/python3.11/site-packages/scipy/ndimage/_nd_image.cpython-311-x86_64-linux-gnu.so
[SCONE|WARN] src/shielding/shielded_syscall.c:1591:shielded_syscall_emulate_memory_mapping(): Emulating file memory mapping for /usr/local/lib/python3.11/site-packages/scipy/ndimage/_rank_filter_1d.cpython-311-x86_64-linux-gnu.so
[SCONE|WARN] src/shielding/shielded_syscall.c:1591:shielded_syscall_emulate_memory_mapping(): Emulating file memory mapping for /usr/local/lib/python3.11/site-packages/scipy/ndimage/_rank_filter_1d.cpython-311-x86_64-linux-gnu.so
[SCONE|WARN] src/shielding/shielded_syscall.c:1591:shielded_syscall_emulate_memory_mapping(): Emulating file memory mapping for /usr/local/lib/python3.11/site-packages/scipy/ndimage/_rank_filter_1d.cpython-311-x86_64-linux-gnu.so
[SCONE|WARN] src/shielding/shielded_syscall.c:1591:shielded_syscall_emulate_memory_mapping(): Emulating file memory mapping for /usr/local/lib/python3.11/site-packages/scipy/ndimage/_rank_filter_1d.cpython-311-x86_64-linux-gnu.so
[SCONE|WARN] src/shielding/shielded_syscall.c:1591:shielded_syscall_emulate_memory_mapping(): Emulating file memory mapping for /usr/local/lib/python3.11/site-packages/scipy/ndimage/_ni_label.cpython-311-x86_64-linux-gnu.so
[SCONE|WARN] src/shielding/shielded_syscall.c:1591:shielded_syscall_emulate_memory_mapping(): Emulating file memory mapping for /usr/local/lib/python3.11/site-packages/scipy/ndimage/_ni_label.cpython-311-x86_64-linux-gnu.so
[SCONE|WARN] src/shielding/shielded_syscall.c:1591:shielded_syscall_emulate_memory_mapping(): Emulating file memory mapping for /usr/local/lib/python3.11/site-packages/scipy/ndimage/_ni_label.cpython-311-x86_64-linux-gnu.so
[SCONE|WARN] src/shielding/shielded_syscall.c:1591:shielded_syscall_emulate_memory_mapping(): Emulating file memory mapping for /usr/local/lib/python3.11/site-packages/scipy/ndimage/_ni_label.cpython-311-x86_64-linux-gnu.so
[SCONE|WARN] src/shielding/shielded_syscall.c:1591:shielded_syscall_emulate_memory_mapping(): Emulating file memory mapping for /usr/local/lib/python3.11/site-packages/scipy/signal/_sigtools.cpython-311-x86_64-linux-gnu.so
[SCONE|WARN] src/shielding/shielded_syscall.c:1591:shielded_syscall_emulate_memory_mapping(): Emulating file memory mapping for /usr/local/lib/python3.11/site-packages/scipy/signal/_sigtools.cpython-311-x86_64-linux-gnu.so
[SCONE|WARN] src/shielding/shielded_syscall.c:1591:shielded_syscall_emulate_memory_mapping(): Emulating file memory mapping for /usr/local/lib/python3.11/site-packages/scipy/signal/_sigtools.cpython-311-x86_64-linux-gnu.so
[SCONE|WARN] src/shielding/shielded_syscall.c:1591:shielded_syscall_emulate_memory_mapping(): Emulating file memory mapping for /usr/local/lib/python3.11/site-packages/scipy/signal/_sigtools.cpython-311-x86_64-linux-gnu.so
[SCONE|WARN] src/shielding/shielded_syscall.c:1591:shielded_syscall_emulate_memory_mapping(): Emulating file memory mapping for /usr/local/lib/python3.11/site-packages/scipy/signal/_max_len_seq_inner.cpython-311-x86_64-linux-gnu.so
[SCONE|WARN] src/shielding/shielded_syscall.c:1591:shielded_syscall_emulate_memory_mapping(): Emulating file memory mapping for /usr/local/lib/python3.11/site-packages/scipy/signal/_max_len_seq_inner.cpython-311-x86_64-linux-gnu.so
[SCONE|WARN] src/shielding/shielded_syscall.c:1591:shielded_syscall_emulate_memory_mapping(): Emulating file memory mapping for /usr/local/lib/python3.11/site-packages/scipy/signal/_max_len_seq_inner.cpython-311-x86_64-linux-gnu.so
[SCONE|WARN] src/shielding/shielded_syscall.c:1591:shielded_syscall_emulate_memory_mapping(): Emulating file memory mapping for /usr/local/lib/python3.11/site-packages/scipy/signal/_max_len_seq_inner.cpython-311-x86_64-linux-gnu.so
[SCONE|WARN] src/shielding/shielded_syscall.c:1591:shielded_syscall_emulate_memory_mapping(): Emulating file memory mapping for /usr/local/lib/python3.11/site-packages/scipy/signal/_upfirdn_apply.cpython-311-x86_64-linux-gnu.so
[SCONE|WARN] src/shielding/shielded_syscall.c:1591:shielded_syscall_emulate_memory_mapping(): Emulating file memory mapping for /usr/local/lib/python3.11/site-packages/scipy/signal/_upfirdn_apply.cpython-311-x86_64-linux-gnu.so
[SCONE|WARN] src/shielding/shielded_syscall.c:1591:shielded_syscall_emulate_memory_mapping(): Emulating file memory mapping for /usr/local/lib/python3.11/site-packages/scipy/signal/_upfirdn_apply.cpython-311-x86_64-linux-gnu.so
[SCONE|WARN] src/shielding/shielded_syscall.c:1591:shielded_syscall_emulate_memory_mapping(): Emulating file memory mapping for /usr/local/lib/python3.11/site-packages/scipy/signal/_upfirdn_apply.cpython-311-x86_64-linux-gnu.so
[SCONE|WARN] src/shielding/shielded_syscall.c:1591:shielded_syscall_emulate_memory_mapping(): Emulating file memory mapping for /usr/local/lib/python3.11/site-packages/scipy/signal/_spline.cpython-311-x86_64-linux-gnu.so
[SCONE|WARN] src/shielding/shielded_syscall.c:1591:shielded_syscall_emulate_memory_mapping(): Emulating file memory mapping for /usr/local/lib/python3.11/site-packages/scipy/signal/_spline.cpython-311-x86_64-linux-gnu.so
[SCONE|WARN] src/shielding/shielded_syscall.c:1591:shielded_syscall_emulate_memory_mapping(): Emulating file memory mapping for /usr/local/lib/python3.11/site-packages/scipy/signal/_spline.cpython-311-x86_64-linux-gnu.so
[SCONE|WARN] src/shielding/shielded_syscall.c:1591:shielded_syscall_emulate_memory_mapping(): Emulating file memory mapping for /usr/local/lib/python3.11/site-packages/scipy/signal/_spline.cpython-311-x86_64-linux-gnu.so
[SCONE|WARN] src/shielding/shielded_syscall.c:1591:shielded_syscall_emulate_memory_mapping(): Emulating file memory mapping for /usr/local/lib/python3.11/site-packages/scipy/signal/_sosfilt.cpython-311-x86_64-linux-gnu.so
[SCONE|WARN] src/shielding/shielded_syscall.c:1591:shielded_syscall_emulate_memory_mapping(): Emulating file memory mapping for /usr/local/lib/python3.11/site-packages/scipy/signal/_sosfilt.cpython-311-x86_64-linux-gnu.so
[SCONE|WARN] src/shielding/shielded_syscall.c:1591:shielded_syscall_emulate_memory_mapping(): Emulating file memory mapping for /usr/local/lib/python3.11/site-packages/scipy/signal/_sosfilt.cpython-311-x86_64-linux-gnu.so
[SCONE|WARN] src/shielding/shielded_syscall.c:1591:shielded_syscall_emulate_memory_mapping(): Emulating file memory mapping for /usr/local/lib/python3.11/site-packages/scipy/signal/_sosfilt.cpython-311-x86_64-linux-gnu.so
[SCONE|WARN] src/shielding/shielded_syscall.c:1591:shielded_syscall_emulate_memory_mapping(): Emulating file memory mapping for /usr/local/lib/python3.11/site-packages/scipy/signal/_peak_finding_utils.cpython-311-x86_64-linux-gnu.so
[SCONE|WARN] src/shielding/shielded_syscall.c:1591:shielded_syscall_emulate_memory_mapping(): Emulating file memory mapping for /usr/local/lib/python3.11/site-packages/scipy/signal/_peak_finding_utils.cpython-311-x86_64-linux-gnu.so
[SCONE|WARN] src/shielding/shielded_syscall.c:1591:shielded_syscall_emulate_memory_mapping(): Emulating file memory mapping for /usr/local/lib/python3.11/site-packages/scipy/signal/_peak_finding_utils.cpython-311-x86_64-linux-gnu.so
[SCONE|WARN] src/shielding/shielded_syscall.c:1591:shielded_syscall_emulate_memory_mapping(): Emulating file memory mapping for /usr/local/lib/python3.11/site-packages/scipy/signal/_peak_finding_utils.cpython-311-x86_64-linux-gnu.so
[SCONE|WARN] src/syscall/syscall.c:184:syscall_entry(): SCONE encountered a syscall instruction within an enclave memory range. This is an exceptional event, which is handled by emulation of the unexpected syscall.
[SCONE|WARN] src/syscall/syscall.c:187:syscall_entry(): Emulation could lead to performance degradation or unexpected behaviour.
[SCONE|WARN] src/syscall/syscall.c:189:syscall_entry(): Please patch the use of such system call or contact info@scontain.com.
[SCONE|WARN] src/syscall/syscall.c:191:syscall_entry(): emulating syscall instruction [syscall name: futex, number: 202, source: unknown (runtime compiled in production mode), rip: 0x100ceb3b2f] 
[SCONE|WARN] src/syscall/syscall.c:195:syscall_entry(): Please enable debug log (SCONE_LOG=debug) to collect more information about unexpected syscalls.
[SCONE|WARN] src/shielding/fs_proc.c:822:proc_fs_open(): open: /proc/1/status is not supported/allowed
[SCONE|WARN] src/syscall/wrappers.c:2247:syscall_SYS_getrusage(): getrusage(RUSAGE_THREAD, x) is not allowed and will return EINVAL. If this leads to issues define the SCONE_ALLOW_GETRUSAGE_THREAD environment variable. Note that this might lead to unexpected results as usage of the syscall thread executing the system call will be returned.
[SCONE|WARN] src/shielding/fs_proc.c:822:proc_fs_open(): open: /proc/1/status is not supported/allowed
[SCONE|WARN] src/shielding/fs_proc.c:822:proc_fs_open(): open: /proc/1/status is not supported/allowed
[SCONE|WARN] src/shielding/fs_proc.c:822:proc_fs_open(): open: /proc/1/status is not supported/allowed
[SCONE|WARN] src/shielding/fs_proc.c:822:proc_fs_open(): open: /proc/1/status is not supported/allowed
[SCONE|WARN] src/shielding/fs_proc.c:822:proc_fs_open(): open: /proc/1/status is not supported/allowed
[SCONE|WARN] src/shielding/fs_proc.c:822:proc_fs_open(): open: /proc/1/status is not supported/allowed
[SCONE|WARN] src/shielding/fs_proc.c:822:proc_fs_open(): open: /proc/1/status is not supported/allowed
[SCONE|WARN] src/shielding/fs_proc.c:822:proc_fs_open(): open: /proc/1/status is not supported/allowed
[SCONE|WARN] src/shielding/fs_proc.c:822:proc_fs_open(): open: /proc/1/status is not supported/allowed
[SCONE|WARN] src/shielding/fs_proc.c:822:proc_fs_open(): open: /proc/1/status is not supported/allowed
[SCONE|WARN] src/shielding/fs_proc.c:822:proc_fs_open(): open: /proc/1/status is not supported/allowed
[SCONE|WARN] src/shielding/fs_proc.c:822:proc_fs_open(): open: /proc/1/status is not supported/allowed
[SCONE|WARN] src/shielding/fs_proc.c:822:proc_fs_open(): open: /proc/1/status is not supported/allowed
[SCONE|WARN] src/shielding/fs_proc.c:822:proc_fs_open(): open: /proc/1/status is not supported/allowed
[SCONE|WARN] src/shielding/fs_proc.c:822:proc_fs_open(): open: /proc/1/status is not supported/allowed
[SCONE|WARN] src/shielding/fs_proc.c:822:proc_fs_open(): open: /proc/1/status is not supported/allowed
[SCONE|WARN] src/shielding/fs_proc.c:822:proc_fs_open(): open: /proc/1/status is not supported/allowed
[SCONE|WARN] src/shielding/fs_proc.c:822:proc_fs_open(): open: /proc/1/status is not supported/allowed
[SCONE|WARN] src/shielding/fs_proc.c:822:proc_fs_open(): open: /proc/1/status is not supported/allowed
[SCONE|WARN] src/shielding/fs_proc.c:822:proc_fs_open(): open: /proc/1/status is not supported/allowed
[SCONE|WARN] src/shielding/fs_proc.c:822:proc_fs_open(): open: /proc/1/status is not supported/allowed
[SCONE|WARN] src/shielding/fs_proc.c:822:proc_fs_open(): open: /proc/1/status is not supported/allowed
[SCONE|WARN] src/shielding/fs_proc.c:822:proc_fs_open(): open: /proc/1/status is not supported/allowed
[SCONE|WARN] src/shielding/fs_proc.c:822:proc_fs_open(): open: /proc/1/status is not supported/allowed
[SCONE|WARN] src/shielding/fs_proc.c:822:proc_fs_open(): open: /proc/1/status is not supported/allowed
[SCONE|WARN] src/shielding/fs_proc.c:822:proc_fs_open(): open: /proc/1/status is not supported/allowed
[SCONE|WARN] src/shielding/fs_proc.c:822:proc_fs_open(): open: /proc/1/status is not supported/allowed
[SCONE|WARN] src/shielding/fs_proc.c:822:proc_fs_open(): open: /proc/1/status is not supported/allowed
[SCONE|WARN] src/shielding/fs_proc.c:822:proc_fs_open(): open: /proc/1/status is not supported/allowed
[SCONE|WARN] src/shielding/fs_proc.c:822:proc_fs_open(): open: /proc/1/status is not supported/allowed
[SCONE|WARN] src/shielding/fs_proc.c:822:proc_fs_open(): open: /proc/1/status is not supported/allowed
[SCONE|WARN] src/shielding/fs_proc.c:822:proc_fs_open(): open: /proc/1/status is not supported/allowed
[SCONE|WARN] src/shielding/fs_proc.c:822:proc_fs_open(): open: /proc/1/status is not supported/allowed
[SCONE|WARN] src/shielding/fs_proc.c:822:proc_fs_open(): open: /proc/1/status is not supported/allowed
